task.id,flow.id,uploader,GetDate,AzureBot,NrRuns
37,6766,2702,03/07/2017,AzureBot1,9979
31,6767,2702,03/07/2017,AzureBot1,481
37,6767,2702,03/07/2017,AzureBot1,7880
3,6767,2702,03/07/2017,AzureBot1,6081
43,6767,2702,03/07/2017,AzureBot2,1
43,6766,2702,03/07/2017,AzureBot2,9973
43,5636,2702,03/07/2017,AzureBot2,19824
219,6794,2702,03/07/2017,AzureBot2,1702
49,6767,2702,03/07/2017,AzureBot2,9036
49,5527,2702,03/07/2017,AzureBot2,9961
49,6794,2702,03/07/2017,AzureBot2,19992
219,6766,2702,03/07/2017,AzureBot2,6573
3493,6767,2702,03/07/2017,AzureBot3,9852
3492,6767,2702,03/07/2017,AzureBot3,3093
3485,6767,2702,03/07/2017,AzureBot3,5156
3493,5527,2702,03/07/2017,AzureBot3,9997
3493,6766,2702,03/07/2017,AzureBot3,19923
3485,5527,2702,03/07/2017,AzureBot3,5302
3889,6767,2702,03/07/2017,AzureBot4,10
3889,6766,2702,03/07/2017,AzureBot4,1690
3891,6766,2702,03/07/2017,AzureBot4,9914
3889,5636,2702,03/07/2017,AzureBot4,9951
3494,5636,2702,03/07/2017,AzureBot4,9935
3889,5527,2702,03/07/2017,AzureBot4,111
3899,6766,2702,03/07/2017,AzureBot5,1868
3899,5526,2702,03/07/2017,AzureBot5,3507
3902,6794,2702,03/07/2017,AzureBot5,1633
3896,6767,2702,03/07/2017,AzureBot5,15776
3896,5527,2702,03/07/2017,AzureBot5,3895
3917,6766,2702,03/07/2017,AzureBot6,9981
3903,5636,2702,03/07/2017,AzureBot6,1576
3913,5527,2702,03/07/2017,AzureBot6,1433
3917,6767,2702,03/07/2017,AzureBot6,17694
3917,6794,2702,03/07/2017,AzureBot6,28295
3913,6767,2702,03/07/2017,AzureBot6,8895
3917,5636,2702,03/07/2017,AzureBot6,9954
3903,6766,2702,03/07/2017,AzureBot6,16219
3913,6794,2702,03/07/2017,AzureBot6,19980
3913,5636,2702,03/07/2017,AzureBot6,11094
3913,6766,2702,03/07/2017,AzureBot6,9992
3903,5527,2702,03/07/2017,AzureBot6,9492
3918,6767,2702,03/07/2017,AzureBot7,6916
3950,6794,2702,03/07/2017,AzureBot7,16296
3950,5636,2702,03/07/2017,AzureBot7,19984
3918,6794,2702,03/07/2017,AzureBot7,27902
3918,5636,2702,03/07/2017,AzureBot7,9967
3954,6766,2702,03/07/2017,AzureBot7,9952
3918,6766,2702,03/07/2017,AzureBot7,19982
3918,5527,2702,03/07/2017,AzureBot7,9892
6566,6767,2702,03/07/2017,AzureBot8,837
9889,6766,2702,03/07/2017,AzureBot8,9907
9889,5527,2702,03/07/2017,AzureBot8,9956
7295,6766,2702,03/07/2017,AzureBot8,9995
7295,6794,2702,03/07/2017,AzureBot8,177
9914,6766,2702,03/07/2017,AzureBot9,21652
9914,5636,2702,03/07/2017,AzureBot9,11338
9914,6794,2702,03/07/2017,AzureBot9,24635
9914,5527,2702,03/07/2017,AzureBot9,29464
9914,6767,2702,03/07/2017,AzureBot9,9813
9946,6767,2702,03/07/2017,AzureBot10,1481
9946,6766,2702,03/07/2017,AzureBot10,11478
9957,5527,2702,03/07/2017,AzureBot10,1500
9952,6794,2702,03/07/2017,AzureBot10,9322
9946,5636,2702,03/07/2017,AzureBot10,8869
9957,6794,2702,03/07/2017,AzureBot10,29801
9952,6767,2702,03/07/2017,AzureBot10,9818
9946,5527,2702,03/07/2017,AzureBot10,7429
9952,6766,2702,03/07/2017,AzureBot10,18785
9957,6766,2702,03/07/2017,AzureBot10,19946
9957,5636,2702,03/07/2017,AzureBot10,9952
9967,6767,2702,03/07/2017,AzureBot11,18141
9967,6766,2702,03/07/2017,AzureBot11,19998
9970,5636,2702,03/07/2017,AzureBot11,8695
9967,5527,2702,03/07/2017,AzureBot11,5268
9971,6766,2702,03/07/2017,AzureBot11,9989
9967,5636,2702,03/07/2017,AzureBot11,9869
9971,6794,2702,03/07/2017,AzureBot11,17333
9971,5527,2702,03/07/2017,AzureBot11,19976
9971,5636,2702,03/07/2017,AzureBot11,9964
9970,6794,2702,03/07/2017,AzureBot11,5478
9978,5527,2702,03/07/2017,AzureBot12,9789
9978,6794,2702,03/07/2017,AzureBot12,9188
9976,6767,2702,03/07/2017,AzureBot12,3068
9980,6767,2702,03/07/2017,AzureBot13,8845
9983,5636,2702,03/07/2017,AzureBot13,19864
9983,6766,2702,03/07/2017,AzureBot13,37080
10093,6767,2702,03/07/2017,AzureBot13,16348
9980,6766,2702,03/07/2017,AzureBot13,29968
10093,5636,2702,03/07/2017,AzureBot13,10000
10093,6794,2702,03/07/2017,AzureBot13,10000
9983,6794,2702,03/07/2017,AzureBot13,4434
14951,5527,2702,03/07/2017,AzureBot14,5188
10101,6767,2702,03/07/2017,AzureBot14,6488
14951,6767,2702,03/07/2017,AzureBot14,3583
14965,6794,2702,03/07/2017,AzureBot15,651
34536,5527,2702,03/07/2017,AzureBot16,3823
34536,5636,2702,03/07/2017,AzureBot16,9957
125923,6767,2702,03/07/2017,AzureBot17,8423
125923,5527,2702,03/07/2017,AzureBot17,2347
145804,5527,2702,03/07/2017,AzureBot18,19936
145834,5636,2702,03/07/2017,AzureBot18,9999
145804,6794,2702,03/07/2017,AzureBot18,9848
145836,5636,2702,03/07/2017,AzureBot19,9943
145847,6766,2702,03/07/2017,AzureBot19,9991
145847,6767,2702,03/07/2017,AzureBot19,5379
145848,6767,2702,03/07/2017,AzureBot20,8201
145854,6794,2702,03/07/2017,AzureBot20,125
145855,6794,2702,03/07/2017,AzureBot21,2260
145878,5636,2702,03/07/2017,AzureBot22,9942
145872,5527,2702,03/07/2017,AzureBot22,9997
145953,6766,2702,03/07/2017,AzureBot22,9834
145872,6767,2702,03/07/2017,AzureBot22,4778
145976,6794,2702,03/07/2017,AzureBot23,9987
145972,6767,2702,03/07/2017,AzureBot23,9446
145976,6766,2702,03/07/2017,AzureBot23,4895
146064,5636,2702,03/07/2017,AzureBot24,9974
37,6766,2702,04/07/2017,AzureBot1,9979
31,6767,2702,04/07/2017,AzureBot1,5551
37,6767,2702,04/07/2017,AzureBot1,7880
3,6767,2702,04/07/2017,AzureBot1,6081
3,6794,2702,04/07/2017,AzureBot1,991
3,5527,2702,04/07/2017,AzureBot1,1981
37,5636,2702,04/07/2017,AzureBot1,1995
37,6794,2702,04/07/2017,AzureBot1,993
31,6794,2702,04/07/2017,AzureBot1,197
43,6767,2702,04/07/2017,AzureBot2,1
43,6766,2702,04/07/2017,AzureBot2,9973
43,5636,2702,04/07/2017,AzureBot2,19824
219,6794,2702,04/07/2017,AzureBot2,1702
49,6767,2702,04/07/2017,AzureBot2,9036
49,5527,2702,04/07/2017,AzureBot2,9961
49,6794,2702,04/07/2017,AzureBot2,19992
219,6766,2702,04/07/2017,AzureBot2,9946
43,5527,2702,04/07/2017,AzureBot2,3980
3493,6767,2702,04/07/2017,AzureBot3,9852
3492,6767,2702,04/07/2017,AzureBot3,3093
3485,6767,2702,04/07/2017,AzureBot3,5156
3493,5527,2702,04/07/2017,AzureBot3,9997
3493,6766,2702,04/07/2017,AzureBot3,19923
3485,5527,2702,04/07/2017,AzureBot3,9416
3889,6767,2702,04/07/2017,AzureBot4,10
3889,6766,2702,04/07/2017,AzureBot4,1690
3891,6766,2702,04/07/2017,AzureBot4,10910
3889,5636,2702,04/07/2017,AzureBot4,9951
3494,5636,2702,04/07/2017,AzureBot4,9935
3889,5527,2702,04/07/2017,AzureBot4,162
3891,6767,2702,04/07/2017,AzureBot4,80
3899,6766,2702,04/07/2017,AzureBot5,1868
3899,5526,2702,04/07/2017,AzureBot5,3507
3902,6794,2702,04/07/2017,AzureBot5,1633
3896,6767,2702,04/07/2017,AzureBot5,15776
3896,5527,2702,04/07/2017,AzureBot5,4980
3917,6766,2702,04/07/2017,AzureBot6,9981
3903,5636,2702,04/07/2017,AzureBot6,1576
3913,5527,2702,04/07/2017,AzureBot6,1433
3917,6767,2702,04/07/2017,AzureBot6,17694
3917,6794,2702,04/07/2017,AzureBot6,28295
3913,6767,2702,04/07/2017,AzureBot6,8895
3917,5636,2702,04/07/2017,AzureBot6,19939
3903,6766,2702,04/07/2017,AzureBot6,26159
3913,6794,2702,04/07/2017,AzureBot6,19980
3913,5636,2702,04/07/2017,AzureBot6,19868
3913,6766,2702,04/07/2017,AzureBot6,9992
3903,5527,2702,04/07/2017,AzureBot6,9492
3918,6767,2702,04/07/2017,AzureBot7,10372
3950,6794,2702,04/07/2017,AzureBot7,16296
3950,5636,2702,04/07/2017,AzureBot7,20982
3918,6794,2702,04/07/2017,AzureBot7,28900
3918,5636,2702,04/07/2017,AzureBot7,10965
3954,6766,2702,04/07/2017,AzureBot7,9952
3918,6766,2702,04/07/2017,AzureBot7,19982
3918,5527,2702,04/07/2017,AzureBot7,10906
3954,6767,2702,04/07/2017,AzureBot7,514
6566,6767,2702,04/07/2017,AzureBot8,837
9889,6766,2702,04/07/2017,AzureBot8,9907
9889,5527,2702,04/07/2017,AzureBot8,9956
7295,6766,2702,04/07/2017,AzureBot8,9995
7295,6794,2702,04/07/2017,AzureBot8,405
9914,6766,2702,04/07/2017,AzureBot9,21652
9914,5636,2702,04/07/2017,AzureBot9,11338
9914,6794,2702,04/07/2017,AzureBot9,24635
9914,5527,2702,04/07/2017,AzureBot9,29464
9914,6767,2702,04/07/2017,AzureBot9,20126
9946,6767,2702,04/07/2017,AzureBot10,5912
9946,6766,2702,04/07/2017,AzureBot10,11478
9957,5527,2702,04/07/2017,AzureBot10,1500
9952,6794,2702,04/07/2017,AzureBot10,9322
9946,5636,2702,04/07/2017,AzureBot10,8869
9957,6794,2702,04/07/2017,AzureBot10,29801
9952,6767,2702,04/07/2017,AzureBot10,13787
9946,5527,2702,04/07/2017,AzureBot10,17409
9952,6766,2702,04/07/2017,AzureBot10,18784
9957,6766,2702,04/07/2017,AzureBot10,19946
9957,5636,2702,04/07/2017,AzureBot10,9952
9967,6767,2702,04/07/2017,AzureBot11,18141
9967,6766,2702,04/07/2017,AzureBot11,19998
9970,5636,2702,04/07/2017,AzureBot11,8695
9967,5527,2702,04/07/2017,AzureBot11,5268
9971,6766,2702,04/07/2017,AzureBot11,9989
9967,5636,2702,04/07/2017,AzureBot11,9869
9971,6794,2702,04/07/2017,AzureBot11,17333
9971,5527,2702,04/07/2017,AzureBot11,19975
9971,5636,2702,04/07/2017,AzureBot11,9964
9970,6794,2702,04/07/2017,AzureBot11,7294
9978,5527,2702,04/07/2017,AzureBot12,9789
9978,6794,2702,04/07/2017,AzureBot12,12725
9976,6767,2702,04/07/2017,AzureBot12,3189
9980,6767,2702,04/07/2017,AzureBot13,8845
9983,5636,2702,04/07/2017,AzureBot13,19864
9983,6766,2702,04/07/2017,AzureBot13,37080
10093,6767,2702,04/07/2017,AzureBot13,16348
9980,6766,2702,04/07/2017,AzureBot13,29968
10093,5636,2702,04/07/2017,AzureBot13,10000
10093,6794,2702,04/07/2017,AzureBot13,10000
9983,6794,2702,04/07/2017,AzureBot13,5606
14951,5527,2702,04/07/2017,AzureBot14,5188
10101,6767,2702,04/07/2017,AzureBot14,6488
14951,6767,2702,04/07/2017,AzureBot14,5799
14965,6794,2702,04/07/2017,AzureBot15,855
34536,5527,2702,04/07/2017,AzureBot16,4282
34536,5636,2702,04/07/2017,AzureBot16,9957
125923,6767,2702,04/07/2017,AzureBot17,10133
125923,5527,2702,04/07/2017,AzureBot17,9959
125923,5636,2702,04/07/2017,AzureBot17,2936
125923,6794,2702,04/07/2017,AzureBot17,2944
125923,6766,2702,04/07/2017,AzureBot17,999
145804,5527,2702,04/07/2017,AzureBot18,19936
145834,5636,2702,04/07/2017,AzureBot18,9999
145804,6794,2702,04/07/2017,AzureBot18,9848
145836,5636,2702,04/07/2017,AzureBot19,9943
145847,6766,2702,04/07/2017,AzureBot19,19121
145847,6767,2702,04/07/2017,AzureBot19,9558
145848,6767,2702,04/07/2017,AzureBot20,8201
145854,6794,2702,04/07/2017,AzureBot20,265
145855,6794,2702,04/07/2017,AzureBot21,7126
145878,5636,2702,04/07/2017,AzureBot22,9942
145872,5527,2702,04/07/2017,AzureBot22,9997
145953,6766,2702,04/07/2017,AzureBot22,19753
145872,6767,2702,04/07/2017,AzureBot22,9205
145878,6766,2702,04/07/2017,AzureBot22,5907
145976,6794,2702,04/07/2017,AzureBot23,9987
145972,6767,2702,04/07/2017,AzureBot23,9446
145976,6766,2702,04/07/2017,AzureBot23,9984
145972,6766,2702,04/07/2017,AzureBot23,9982
145979,6766,2702,04/07/2017,AzureBot23,9969
145972,6794,2702,04/07/2017,AzureBot23,3547
146064,5636,2702,04/07/2017,AzureBot24,9974
146082,6766,2702,04/07/2017,AzureBot25,976
146066,6766,2702,04/07/2017,AzureBot25,999
146082,6794,2702,04/07/2017,AzureBot25,979
146066,6767,2702,04/07/2017,AzureBot25,877
146082,5527,2702,04/07/2017,AzureBot25,130
37,6766,2702,05/07/2017,AzureBot1,9979
31,6767,2702,05/07/2017,AzureBot1,5551
37,6767,2702,05/07/2017,AzureBot1,8650
3,6767,2702,05/07/2017,AzureBot1,7418
3,6794,2702,05/07/2017,AzureBot1,1983
3,5527,2702,05/07/2017,AzureBot1,1981
37,5636,2702,05/07/2017,AzureBot1,2992
37,6794,2702,05/07/2017,AzureBot1,3970
31,6794,2702,05/07/2017,AzureBot1,988
3,6766,2702,05/07/2017,AzureBot1,1992
31,5636,2702,05/07/2017,AzureBot1,999
3,5636,2702,05/07/2017,AzureBot1,2988
37,5527,2702,05/07/2017,AzureBot1,1946
31,5527,2702,05/07/2017,AzureBot1,994
43,6767,2702,05/07/2017,AzureBot2,1
43,6766,2702,05/07/2017,AzureBot2,9973
43,5636,2702,05/07/2017,AzureBot2,19824
219,6794,2702,05/07/2017,AzureBot2,1702
49,6767,2702,05/07/2017,AzureBot2,9036
49,5527,2702,05/07/2017,AzureBot2,9961
49,6794,2702,05/07/2017,AzureBot2,19992
219,6766,2702,05/07/2017,AzureBot2,9946
43,5527,2702,05/07/2017,AzureBot2,9207
3493,6767,2702,05/07/2017,AzureBot3,9852
3492,6767,2702,05/07/2017,AzureBot3,3093
3485,6767,2702,05/07/2017,AzureBot3,5156
3493,5527,2702,05/07/2017,AzureBot3,15689
3493,6766,2702,05/07/2017,AzureBot3,19923
3485,5527,2702,05/07/2017,AzureBot3,9956
3492,6766,2702,05/07/2017,AzureBot3,9990
3493,6794,2702,05/07/2017,AzureBot3,9960
3889,6767,2702,05/07/2017,AzureBot4,10
3889,6766,2702,05/07/2017,AzureBot4,1690
3891,6766,2702,05/07/2017,AzureBot4,10910
3889,5636,2702,05/07/2017,AzureBot4,9951
3494,5636,2702,05/07/2017,AzureBot4,9935
3889,5527,2702,05/07/2017,AzureBot4,162
3891,6767,2702,05/07/2017,AzureBot4,132
3889,6794,2702,05/07/2017,AzureBot4,335
3899,6766,2702,05/07/2017,AzureBot5,1868
3899,5526,2702,05/07/2017,AzureBot5,3507
3902,6794,2702,05/07/2017,AzureBot5,1633
3896,6767,2702,05/07/2017,AzureBot5,15776
3896,5527,2702,05/07/2017,AzureBot5,5188
3899,5636,2702,05/07/2017,AzureBot5,9980
3899,6767,2702,05/07/2017,AzureBot5,2044
3917,6766,2702,05/07/2017,AzureBot6,9981
3903,5636,2702,05/07/2017,AzureBot6,1576
3913,5527,2702,05/07/2017,AzureBot6,1433
3917,6767,2702,05/07/2017,AzureBot6,17694
3917,6794,2702,05/07/2017,AzureBot6,29285
3913,6767,2702,05/07/2017,AzureBot6,9782
3917,5636,2702,05/07/2017,AzureBot6,19939
3903,6766,2702,05/07/2017,AzureBot6,27155
3913,6794,2702,05/07/2017,AzureBot6,19980
3913,5636,2702,05/07/2017,AzureBot6,19867
3913,6766,2702,05/07/2017,AzureBot6,10116
3903,5527,2702,05/07/2017,AzureBot6,10436
3903,6767,2702,05/07/2017,AzureBot6,938
3903,6794,2702,05/07/2017,AzureBot6,982
3918,6767,2702,05/07/2017,AzureBot7,12109
3950,6794,2702,05/07/2017,AzureBot7,16296
3950,5636,2702,05/07/2017,AzureBot7,21979
3918,6794,2702,05/07/2017,AzureBot7,32886
3918,5636,2702,05/07/2017,AzureBot7,10965
3954,6766,2702,05/07/2017,AzureBot7,10948
3918,6766,2702,05/07/2017,AzureBot7,19982
3918,5527,2702,05/07/2017,AzureBot7,10906
3954,6767,2702,05/07/2017,AzureBot7,1518
3950,6766,2702,05/07/2017,AzureBot7,1948
6566,6767,2702,05/07/2017,AzureBot8,837
9889,6766,2702,05/07/2017,AzureBot8,9907
9889,5527,2702,05/07/2017,AzureBot8,9956
7295,6766,2702,05/07/2017,AzureBot8,9995
7295,6794,2702,05/07/2017,AzureBot8,635
9914,6766,2702,05/07/2017,AzureBot9,21652
9914,5636,2702,05/07/2017,AzureBot9,11338
9914,6794,2702,05/07/2017,AzureBot9,24635
9914,5527,2702,05/07/2017,AzureBot9,34780
9914,6767,2702,05/07/2017,AzureBot9,27586
9946,6767,2702,05/07/2017,AzureBot10,10592
9946,6766,2702,05/07/2017,AzureBot10,12475
9957,5527,2702,05/07/2017,AzureBot10,1500
9952,6794,2702,05/07/2017,AzureBot10,9322
9946,5636,2702,05/07/2017,AzureBot10,8869
9957,6794,2702,05/07/2017,AzureBot10,30781
9952,6767,2702,05/07/2017,AzureBot10,14464
9946,5527,2702,05/07/2017,AzureBot10,29380
9952,6766,2702,05/07/2017,AzureBot10,18784
9957,6766,2702,05/07/2017,AzureBot10,19946
9957,5636,2702,05/07/2017,AzureBot10,10949
9957,6767,2702,05/07/2017,AzureBot10,1860
9952,5636,2702,05/07/2017,AzureBot10,827
9967,6767,2702,05/07/2017,AzureBot11,26130
9967,6766,2702,05/07/2017,AzureBot11,19998
9970,5636,2702,05/07/2017,AzureBot11,8695
9967,5527,2702,05/07/2017,AzureBot11,5268
9971,6766,2702,05/07/2017,AzureBot11,9989
9967,5636,2702,05/07/2017,AzureBot11,9869
9971,6794,2702,05/07/2017,AzureBot11,17333
9971,5527,2702,05/07/2017,AzureBot11,19975
9971,5636,2702,05/07/2017,AzureBot11,9964
9970,6794,2702,05/07/2017,AzureBot11,7526
9978,5527,2702,05/07/2017,AzureBot12,9789
9978,6794,2702,05/07/2017,AzureBot12,17641
9976,6767,2702,05/07/2017,AzureBot12,3189
9980,6767,2702,05/07/2017,AzureBot13,8845
9983,5636,2702,05/07/2017,AzureBot13,19864
9983,6766,2702,05/07/2017,AzureBot13,37080
10093,6767,2702,05/07/2017,AzureBot13,22680
9980,6766,2702,05/07/2017,AzureBot13,29968
10093,5636,2702,05/07/2017,AzureBot13,19938
10093,6794,2702,05/07/2017,AzureBot13,10000
9983,6794,2702,05/07/2017,AzureBot13,5981
9980,5636,2702,05/07/2017,AzureBot13,1210
14951,5527,2702,05/07/2017,AzureBot14,5188
10101,6767,2702,05/07/2017,AzureBot14,12944
14951,6767,2702,05/07/2017,AzureBot14,7373
14965,6794,2702,05/07/2017,AzureBot15,856
14965,6767,2702,05/07/2017,AzureBot15,46
14971,6794,2702,05/07/2017,AzureBot15,81
34536,5527,2702,05/07/2017,AzureBot16,4751
34536,5636,2702,05/07/2017,AzureBot16,9957
125923,6767,2702,05/07/2017,AzureBot17,10992
125923,5527,2702,05/07/2017,AzureBot17,12505
125923,5636,2702,05/07/2017,AzureBot17,4991
125923,6794,2702,05/07/2017,AzureBot17,4939
125923,6766,2702,05/07/2017,AzureBot17,4993
145804,5527,2702,05/07/2017,AzureBot18,19936
145834,5636,2702,05/07/2017,AzureBot18,9999
145804,6794,2702,05/07/2017,AzureBot18,9848
145836,5636,2702,05/07/2017,AzureBot19,9943
145847,6766,2702,05/07/2017,AzureBot19,29911
145847,6767,2702,05/07/2017,AzureBot19,9558
145839,5636,2702,05/07/2017,AzureBot19,9984
145836,6794,2702,05/07/2017,AzureBot19,9722
145848,6767,2702,05/07/2017,AzureBot20,8201
145854,6794,2702,05/07/2017,AzureBot20,400
145855,6794,2702,05/07/2017,AzureBot21,9853
145862,6794,2702,05/07/2017,AzureBot21,5466
145878,5636,2702,05/07/2017,AzureBot22,9942
145872,5527,2702,05/07/2017,AzureBot22,9997
145953,6766,2702,05/07/2017,AzureBot22,19753
145872,6767,2702,05/07/2017,AzureBot22,9205
145878,6766,2702,05/07/2017,AzureBot22,9989
145878,6767,2702,05/07/2017,AzureBot22,9144
145872,6766,2702,05/07/2017,AzureBot22,9891
145878,6794,2702,05/07/2017,AzureBot22,2548
145976,6794,2702,05/07/2017,AzureBot23,9987
145972,6767,2702,05/07/2017,AzureBot23,12103
145976,6766,2702,05/07/2017,AzureBot23,9984
145972,6766,2702,05/07/2017,AzureBot23,9982
145979,6766,2702,05/07/2017,AzureBot23,9969
145972,6794,2702,05/07/2017,AzureBot23,9942
145976,6767,2702,05/07/2017,AzureBot23,7712
146064,5636,2702,05/07/2017,AzureBot24,9974
146082,6766,2702,05/07/2017,AzureBot25,976
146066,6766,2702,05/07/2017,AzureBot25,999
146082,6794,2702,05/07/2017,AzureBot25,979
146066,6767,2702,05/07/2017,AzureBot25,877
146082,5527,2702,05/07/2017,AzureBot25,1531
146066,5527,2702,05/07/2017,AzureBot25,1000
146066,6794,2702,05/07/2017,AzureBot25,998
37,6766,2702,06/07/2017,AzureBot1,9979
31,6767,2702,06/07/2017,AzureBot1,6706
37,6767,2702,06/07/2017,AzureBot1,9424
3,6767,2702,06/07/2017,AzureBot1,9589
3,6794,2702,06/07/2017,AzureBot1,1983
3,5527,2702,06/07/2017,AzureBot1,1981
37,5636,2702,06/07/2017,AzureBot1,2992
37,6794,2702,06/07/2017,AzureBot1,3970
31,6794,2702,06/07/2017,AzureBot1,988
3,6766,2702,06/07/2017,AzureBot1,1992
31,5636,2702,06/07/2017,AzureBot1,999
3,5636,2702,06/07/2017,AzureBot1,4978
37,5527,2702,06/07/2017,AzureBot1,3938
31,5527,2702,06/07/2017,AzureBot1,1948
43,6767,2702,06/07/2017,AzureBot2,1
43,6766,2702,06/07/2017,AzureBot2,9973
43,5636,2702,06/07/2017,AzureBot2,19824
219,6794,2702,06/07/2017,AzureBot2,1702
49,6767,2702,06/07/2017,AzureBot2,17343
49,5527,2702,06/07/2017,AzureBot2,9961
49,6794,2702,06/07/2017,AzureBot2,29213
219,6766,2702,06/07/2017,AzureBot2,9946
43,5527,2702,06/07/2017,AzureBot2,9311
3493,6767,2702,06/07/2017,AzureBot3,9852
3492,6767,2702,06/07/2017,AzureBot3,3093
3485,6767,2702,06/07/2017,AzureBot3,6006
3493,5527,2702,06/07/2017,AzureBot3,19943
3493,6766,2702,06/07/2017,AzureBot3,19923
3485,5527,2702,06/07/2017,AzureBot3,9956
3492,6766,2702,06/07/2017,AzureBot3,9990
3493,6794,2702,06/07/2017,AzureBot3,9960
3889,6767,2702,06/07/2017,AzureBot4,10
3889,6766,2702,06/07/2017,AzureBot4,1690
3891,6766,2702,06/07/2017,AzureBot4,10910
3889,5636,2702,06/07/2017,AzureBot4,9951
3494,5636,2702,06/07/2017,AzureBot4,9935
3889,5527,2702,06/07/2017,AzureBot4,215
3891,6767,2702,06/07/2017,AzureBot4,132
3889,6794,2702,06/07/2017,AzureBot4,546
3899,6766,2702,06/07/2017,AzureBot5,1868
3899,5526,2702,06/07/2017,AzureBot5,3507
3902,6794,2702,06/07/2017,AzureBot5,1633
3896,6767,2702,06/07/2017,AzureBot5,15776
3896,5527,2702,06/07/2017,AzureBot5,5188
3899,5636,2702,06/07/2017,AzureBot5,9980
3899,6767,2702,06/07/2017,AzureBot5,5857
3917,6766,2702,06/07/2017,AzureBot6,10978
3903,5636,2702,06/07/2017,AzureBot6,2574
3913,5527,2702,06/07/2017,AzureBot6,2428
3917,6767,2702,06/07/2017,AzureBot6,18569
3917,6794,2702,06/07/2017,AzureBot6,29285
3913,6767,2702,06/07/2017,AzureBot6,9782
3917,5636,2702,06/07/2017,AzureBot6,19939
3903,6766,2702,06/07/2017,AzureBot6,27155
3913,6794,2702,06/07/2017,AzureBot6,22912
3913,5636,2702,06/07/2017,AzureBot6,20861
3913,6766,2702,06/07/2017,AzureBot6,12974
3903,5527,2702,06/07/2017,AzureBot6,14118
3903,6767,2702,06/07/2017,AzureBot6,2157
3903,6794,2702,06/07/2017,AzureBot6,982
3917,5527,2702,06/07/2017,AzureBot6,519
3918,6767,2702,06/07/2017,AzureBot7,12109
3950,6794,2702,06/07/2017,AzureBot7,16296
3950,5636,2702,06/07/2017,AzureBot7,22959
3918,6794,2702,06/07/2017,AzureBot7,32886
3918,5636,2702,06/07/2017,AzureBot7,10965
3954,6766,2702,06/07/2017,AzureBot7,10948
3918,6766,2702,06/07/2017,AzureBot7,19982
3918,5527,2702,06/07/2017,AzureBot7,10906
3954,6767,2702,06/07/2017,AzureBot7,2456
3950,6766,2702,06/07/2017,AzureBot7,1948
3954,5527,2702,06/07/2017,AzureBot7,348
6566,6767,2702,06/07/2017,AzureBot8,837
9889,6766,2702,06/07/2017,AzureBot8,9907
9889,5527,2702,06/07/2017,AzureBot8,9956
7295,6766,2702,06/07/2017,AzureBot8,9995
7295,6794,2702,06/07/2017,AzureBot8,857
9914,6766,2702,06/07/2017,AzureBot9,21652
9914,5636,2702,06/07/2017,AzureBot9,11338
9914,6794,2702,06/07/2017,AzureBot9,24635
9914,5527,2702,06/07/2017,AzureBot9,39388
9914,6767,2702,06/07/2017,AzureBot9,34897
9946,6767,2702,06/07/2017,AzureBot10,12434
9946,6766,2702,06/07/2017,AzureBot10,13020
9957,5527,2702,06/07/2017,AzureBot10,4485
9952,6794,2702,06/07/2017,AzureBot10,9322
9946,5636,2702,06/07/2017,AzureBot10,8869
9957,6794,2702,06/07/2017,AzureBot10,31775
9952,6767,2702,06/07/2017,AzureBot10,16484
9946,5527,2702,06/07/2017,AzureBot10,29380
9952,6766,2702,06/07/2017,AzureBot10,18861
9957,6766,2702,06/07/2017,AzureBot10,20942
9957,5636,2702,06/07/2017,AzureBot10,11948
9957,6767,2702,06/07/2017,AzureBot10,4661
9952,5636,2702,06/07/2017,AzureBot10,1989
9946,6794,2702,06/07/2017,AzureBot10,1091
9967,6767,2702,06/07/2017,AzureBot11,28436
9967,6766,2702,06/07/2017,AzureBot11,19998
9970,5636,2702,06/07/2017,AzureBot11,8695
9967,5527,2702,06/07/2017,AzureBot11,5268
9971,6766,2702,06/07/2017,AzureBot11,9989
9967,5636,2702,06/07/2017,AzureBot11,9869
9971,6794,2702,06/07/2017,AzureBot11,17333
9971,5527,2702,06/07/2017,AzureBot11,19975
9971,5636,2702,06/07/2017,AzureBot11,9964
9970,6794,2702,06/07/2017,AzureBot11,7526
9967,6794,2702,06/07/2017,AzureBot11,9024
9978,5527,2702,06/07/2017,AzureBot12,9789
9978,6794,2702,06/07/2017,AzureBot12,19041
9976,6767,2702,06/07/2017,AzureBot12,3189
9980,6767,2702,06/07/2017,AzureBot13,8845
9983,5636,2702,06/07/2017,AzureBot13,19864
9983,6766,2702,06/07/2017,AzureBot13,37080
10093,6767,2702,06/07/2017,AzureBot13,22680
9980,6766,2702,06/07/2017,AzureBot13,29968
10093,5636,2702,06/07/2017,AzureBot13,19938
10093,6794,2702,06/07/2017,AzureBot13,10000
9983,6794,2702,06/07/2017,AzureBot13,6821
9980,5636,2702,06/07/2017,AzureBot13,9903
14951,5527,2702,06/07/2017,AzureBot14,5188
10101,6767,2702,06/07/2017,AzureBot14,12944
14951,6767,2702,06/07/2017,AzureBot14,9457
14965,6794,2702,06/07/2017,AzureBot15,1159
14965,6767,2702,06/07/2017,AzureBot15,46
14971,6794,2702,06/07/2017,AzureBot15,81
34536,5527,2702,06/07/2017,AzureBot16,5211
34536,5636,2702,06/07/2017,AzureBot16,9957
125923,6767,2702,06/07/2017,AzureBot17,11849
125923,5527,2702,06/07/2017,AzureBot17,14318
125923,5636,2702,06/07/2017,AzureBot17,7971
125923,6794,2702,06/07/2017,AzureBot17,6932
125923,6766,2702,06/07/2017,AzureBot17,9644
145804,5527,2702,06/07/2017,AzureBot18,19936
145834,5636,2702,06/07/2017,AzureBot18,9999
145804,6794,2702,06/07/2017,AzureBot18,9848
145836,5636,2702,06/07/2017,AzureBot19,9943
145847,6766,2702,06/07/2017,AzureBot19,29911
145847,6767,2702,06/07/2017,AzureBot19,9558
145839,5636,2702,06/07/2017,AzureBot19,19895
145836,6794,2702,06/07/2017,AzureBot19,18146
145836,5527,2702,06/07/2017,AzureBot19,4264
145848,6767,2702,06/07/2017,AzureBot20,8201
145854,6794,2702,06/07/2017,AzureBot20,508
145855,6794,2702,06/07/2017,AzureBot21,9853
145862,6794,2702,06/07/2017,AzureBot21,9922
145857,6767,2702,06/07/2017,AzureBot21,4820
145878,5636,2702,06/07/2017,AzureBot22,9942
145872,5527,2702,06/07/2017,AzureBot22,9997
145953,6766,2702,06/07/2017,AzureBot22,37347
145872,6767,2702,06/07/2017,AzureBot22,9205
145878,6766,2702,06/07/2017,AzureBot22,9989
145878,6767,2702,06/07/2017,AzureBot22,10010
145872,6766,2702,06/07/2017,AzureBot22,9891
145878,6794,2702,06/07/2017,AzureBot22,9929
145976,6794,2702,06/07/2017,AzureBot23,9987
145972,6767,2702,06/07/2017,AzureBot23,18115
145976,6766,2702,06/07/2017,AzureBot23,9984
145972,6766,2702,06/07/2017,AzureBot23,9982
145979,6766,2702,06/07/2017,AzureBot23,9969
145972,6794,2702,06/07/2017,AzureBot23,9942
145976,6767,2702,06/07/2017,AzureBot23,7712
145979,5527,2702,06/07/2017,AzureBot23,1931
146064,5636,2702,06/07/2017,AzureBot24,9974
146082,6766,2702,06/07/2017,AzureBot25,975
146066,6766,2702,06/07/2017,AzureBot25,999
146082,6794,2702,06/07/2017,AzureBot25,1945
146066,6767,2702,06/07/2017,AzureBot25,3455
146082,5527,2702,06/07/2017,AzureBot25,2327
146066,5527,2702,06/07/2017,AzureBot25,1206
146066,6794,2702,06/07/2017,AzureBot25,1448
146082,5636,2702,06/07/2017,AzureBot25,981
37,6766,2702,10/07/2017,AzureBot1,13968
31,6767,2702,10/07/2017,AzureBot1,13061
37,6767,2702,10/07/2017,AzureBot1,11782
3,6767,2702,10/07/2017,AzureBot1,12256
3,6794,2702,10/07/2017,AzureBot1,9970
3,5527,2702,10/07/2017,AzureBot1,4977
37,5636,2702,10/07/2017,AzureBot1,10970
37,6794,2702,10/07/2017,AzureBot1,6966
31,6794,2702,10/07/2017,AzureBot1,5964
3,6766,2702,10/07/2017,AzureBot1,5985
31,5636,2702,10/07/2017,AzureBot1,7985
3,5636,2702,10/07/2017,AzureBot1,10966
37,5527,2702,10/07/2017,AzureBot1,4936
31,5527,2702,10/07/2017,AzureBot1,6849
31,6766,2702,10/07/2017,AzureBot1,2997
43,6767,2702,10/07/2017,AzureBot2,1
43,6766,2702,10/07/2017,AzureBot2,9973
43,5636,2702,10/07/2017,AzureBot2,19824
219,6794,2702,10/07/2017,AzureBot2,1702
49,6767,2702,10/07/2017,AzureBot2,17433
49,5527,2702,10/07/2017,AzureBot2,9961
49,6794,2702,10/07/2017,AzureBot2,39194
219,6766,2702,10/07/2017,AzureBot2,9946
43,5527,2702,10/07/2017,AzureBot2,18677
219,5636,2702,10/07/2017,AzureBot2,9987
219,6767,2702,10/07/2017,AzureBot2,969
3493,6767,2702,10/07/2017,AzureBot3,9851
3492,6767,2702,10/07/2017,AzureBot3,3093
3485,6767,2702,10/07/2017,AzureBot3,10272
3493,5527,2702,10/07/2017,AzureBot3,19943
3493,6766,2702,10/07/2017,AzureBot3,19923
3485,5527,2702,10/07/2017,AzureBot3,9956
3492,6766,2702,10/07/2017,AzureBot3,9990
3493,6794,2702,10/07/2017,AzureBot3,9960
3889,6767,2702,10/07/2017,AzureBot4,144
3889,6766,2702,10/07/2017,AzureBot4,2678
3891,6766,2702,10/07/2017,AzureBot4,10910
3889,5636,2702,10/07/2017,AzureBot4,10950
3494,5636,2702,10/07/2017,AzureBot4,11930
3889,5527,2702,10/07/2017,AzureBot4,245
3891,6767,2702,10/07/2017,AzureBot4,132
3889,6794,2702,10/07/2017,AzureBot4,849
3494,5527,2702,10/07/2017,AzureBot4,1984
3494,6767,2702,10/07/2017,AzureBot4,865
3891,5527,2702,10/07/2017,AzureBot4,4
3494,6766,2702,10/07/2017,AzureBot4,3963
3891,5636,2702,10/07/2017,AzureBot4,990
3494,6794,2702,10/07/2017,AzureBot4,2994
3891,6794,2702,10/07/2017,AzureBot4,207
3899,6766,2702,10/07/2017,AzureBot5,1868
3899,5526,2702,10/07/2017,AzureBot5,3507
3902,6794,2702,10/07/2017,AzureBot5,1932
3896,6767,2702,10/07/2017,AzureBot5,15776
3896,5527,2702,10/07/2017,AzureBot5,5188
3899,5636,2702,10/07/2017,AzureBot5,9980
3899,6767,2702,10/07/2017,AzureBot5,6293
3899,6794,2702,10/07/2017,AzureBot5,8253
3917,6766,2702,10/07/2017,AzureBot6,12975
3903,5636,2702,10/07/2017,AzureBot6,9553
3913,5527,2702,10/07/2017,AzureBot6,8418
3917,6767,2702,10/07/2017,AzureBot6,24726
3917,6794,2702,10/07/2017,AzureBot6,32275
3913,6767,2702,10/07/2017,AzureBot6,13345
3917,5636,2702,10/07/2017,AzureBot6,23929
3903,6766,2702,10/07/2017,AzureBot6,33110
3913,6794,2702,10/07/2017,AzureBot6,26907
3913,5636,2702,10/07/2017,AzureBot6,27446
3913,6766,2702,10/07/2017,AzureBot6,18956
3903,5527,2702,10/07/2017,AzureBot6,18655
3903,6767,2702,10/07/2017,AzureBot6,9595
3903,6794,2702,10/07/2017,AzureBot6,2937
3917,5527,2702,10/07/2017,AzureBot6,4863
3918,6767,2702,10/07/2017,AzureBot7,13891
3950,6794,2702,10/07/2017,AzureBot7,18254
3950,5636,2702,10/07/2017,AzureBot7,25953
3918,6794,2702,10/07/2017,AzureBot7,32885
3918,5636,2702,10/07/2017,AzureBot7,12960
3954,6766,2702,10/07/2017,AzureBot7,12944
3918,6766,2702,10/07/2017,AzureBot7,20977
3918,5527,2702,10/07/2017,AzureBot7,12905
3954,6767,2702,10/07/2017,AzureBot7,4135
3950,6766,2702,10/07/2017,AzureBot7,3907
3954,5527,2702,10/07/2017,AzureBot7,1463
3954,6794,2702,10/07/2017,AzureBot7,226
3954,5636,2702,10/07/2017,AzureBot7,3000
6566,6767,2702,10/07/2017,AzureBot8,837
9889,6766,2702,10/07/2017,AzureBot8,10899
9889,5527,2702,10/07/2017,AzureBot8,9956
7295,6766,2702,10/07/2017,AzureBot8,11991
7295,6794,2702,10/07/2017,AzureBot8,1088
7295,5636,2702,10/07/2017,AzureBot8,977
6566,6766,2702,10/07/2017,AzureBot8,832
6566,6794,2702,10/07/2017,AzureBot8,243
9889,5636,2702,10/07/2017,AzureBot8,1998
6566,5527,2702,10/07/2017,AzureBot8,329
9889,6794,2702,10/07/2017,AzureBot8,995
7295,6767,2702,10/07/2017,AzureBot8,510
9914,6766,2702,10/07/2017,AzureBot9,21652
9914,5636,2702,10/07/2017,AzureBot9,41186
9914,6794,2702,10/07/2017,AzureBot9,44015
9914,5527,2702,10/07/2017,AzureBot9,49352
9914,6767,2702,10/07/2017,AzureBot9,40553
9946,6767,2702,10/07/2017,AzureBot10,16107
9946,6766,2702,10/07/2017,AzureBot10,17014
9957,5527,2702,10/07/2017,AzureBot10,7480
9952,6794,2702,10/07/2017,AzureBot10,12274
9946,5636,2702,10/07/2017,AzureBot10,16799
9957,6794,2702,10/07/2017,AzureBot10,37754
9952,6767,2702,10/07/2017,AzureBot10,19224
9946,5527,2702,10/07/2017,AzureBot10,30367
9952,6766,2702,10/07/2017,AzureBot10,25830
9957,6766,2702,10/07/2017,AzureBot10,27492
9957,5636,2702,10/07/2017,AzureBot10,16924
9957,6767,2702,10/07/2017,AzureBot10,9328
9952,5636,2702,10/07/2017,AzureBot10,9433
9946,6794,2702,10/07/2017,AzureBot10,5978
9952,5527,2702,10/07/2017,AzureBot10,2866
9967,6767,2702,10/07/2017,AzureBot11,45831
9967,6766,2702,10/07/2017,AzureBot11,19998
9970,5636,2702,10/07/2017,AzureBot11,10693
9967,5527,2702,10/07/2017,AzureBot11,6266
9971,6766,2702,10/07/2017,AzureBot11,9989
9967,5636,2702,10/07/2017,AzureBot11,10868
9971,6794,2702,10/07/2017,AzureBot11,18333
9971,5527,2702,10/07/2017,AzureBot11,19975
9971,5636,2702,10/07/2017,AzureBot11,9964
9970,6794,2702,10/07/2017,AzureBot11,8058
9967,6794,2702,10/07/2017,AzureBot11,18996
9970,5527,2702,10/07/2017,AzureBot11,10506
9978,5527,2702,10/07/2017,AzureBot12,9789
9978,6794,2702,10/07/2017,AzureBot12,19041
9976,6767,2702,10/07/2017,AzureBot12,3189
9980,6767,2702,10/07/2017,AzureBot13,8845
9983,5636,2702,10/07/2017,AzureBot13,19864
9983,6766,2702,10/07/2017,AzureBot13,37080
10093,6767,2702,10/07/2017,AzureBot13,22680
9980,6766,2702,10/07/2017,AzureBot13,29968
10093,5636,2702,10/07/2017,AzureBot13,19938
10093,6794,2702,10/07/2017,AzureBot13,10000
9983,6794,2702,10/07/2017,AzureBot13,11813
9980,5636,2702,10/07/2017,AzureBot13,9903
14951,5527,2702,10/07/2017,AzureBot14,5188
10101,6767,2702,10/07/2017,AzureBot14,12944
14951,6767,2702,10/07/2017,AzureBot14,14330
14951,5636,2702,10/07/2017,AzureBot14,9974
10101,6766,2702,10/07/2017,AzureBot14,1994
10101,6794,2702,10/07/2017,AzureBot14,868
14951,6794,2702,10/07/2017,AzureBot14,452
14965,6794,2702,10/07/2017,AzureBot15,1452
14965,6767,2702,10/07/2017,AzureBot15,46
14971,6794,2702,10/07/2017,AzureBot15,240
14965,5636,2702,10/07/2017,AzureBot15,2992
14965,6766,2702,10/07/2017,AzureBot15,2998
34536,5527,2702,10/07/2017,AzureBot16,6079
34536,5636,2702,10/07/2017,AzureBot16,9957
34536,6767,2702,10/07/2017,AzureBot16,91
34536,6766,2702,10/07/2017,AzureBot16,836
34536,6794,2702,10/07/2017,AzureBot16,229
125923,6767,2702,10/07/2017,AzureBot17,22489
125923,5527,2702,10/07/2017,AzureBot17,31263
125923,5636,2702,10/07/2017,AzureBot17,17955
125923,6794,2702,10/07/2017,AzureBot17,21892
125923,6766,2702,10/07/2017,AzureBot17,23790
145804,5527,2702,10/07/2017,AzureBot18,19936
145834,5636,2702,10/07/2017,AzureBot18,10994
145804,6794,2702,10/07/2017,AzureBot18,9848
145834,6794,2702,10/07/2017,AzureBot18,3987
145834,6766,2702,10/07/2017,AzureBot18,1982
145804,5636,2702,10/07/2017,AzureBot18,1985
145834,6767,2702,10/07/2017,AzureBot18,627
145833,5636,2702,10/07/2017,AzureBot18,996
145833,6766,2702,10/07/2017,AzureBot18,1998
145833,6794,2702,10/07/2017,AzureBot18,409
145804,6767,2702,10/07/2017,AzureBot18,918
145836,5636,2702,10/07/2017,AzureBot19,9942
145847,6766,2702,10/07/2017,AzureBot19,29910
145847,6767,2702,10/07/2017,AzureBot19,9689
145839,5636,2702,10/07/2017,AzureBot19,19895
145836,6794,2702,10/07/2017,AzureBot19,18146
145836,5527,2702,10/07/2017,AzureBot19,19694
145847,5636,2702,10/07/2017,AzureBot19,9991
145839,6794,2702,10/07/2017,AzureBot19,9972
145836,6767,2702,10/07/2017,AzureBot19,6412
145847,5527,2702,10/07/2017,AzureBot19,19950
145839,6767,2702,10/07/2017,AzureBot19,8877
145836,6766,2702,10/07/2017,AzureBot19,9431
145839,6766,2702,10/07/2017,AzureBot19,9979
145848,6767,2702,10/07/2017,AzureBot20,8999
145854,6794,2702,10/07/2017,AzureBot20,662
145854,5636,2702,10/07/2017,AzureBot20,972
145848,5636,2702,10/07/2017,AzureBot20,963
145853,6794,2702,10/07/2017,AzureBot20,736
145854,6767,2702,10/07/2017,AzureBot20,96
145855,6794,2702,10/07/2017,AzureBot21,19670
145862,6794,2702,10/07/2017,AzureBot21,9922
145857,6767,2702,10/07/2017,AzureBot21,13060
145857,6766,2702,10/07/2017,AzureBot21,9937
145855,6766,2702,10/07/2017,AzureBot21,9980
145855,5527,2702,10/07/2017,AzureBot21,5615
145878,5636,2702,10/07/2017,AzureBot22,9941
145872,5527,2702,10/07/2017,AzureBot22,29937
145953,6766,2702,10/07/2017,AzureBot22,47327
145872,6767,2702,10/07/2017,AzureBot22,9205
145878,6766,2702,10/07/2017,AzureBot22,9989
145878,6767,2702,10/07/2017,AzureBot22,18259
145872,6766,2702,10/07/2017,AzureBot22,9891
145878,6794,2702,10/07/2017,AzureBot22,9929
145953,5636,2702,10/07/2017,AzureBot22,9932
145953,6767,2702,10/07/2017,AzureBot22,8878
145976,6794,2702,10/07/2017,AzureBot23,9985
145972,6767,2702,10/07/2017,AzureBot23,18115
145976,6766,2702,10/07/2017,AzureBot23,9984
145972,6766,2702,10/07/2017,AzureBot23,9982
145979,6766,2702,10/07/2017,AzureBot23,9969
145972,6794,2702,10/07/2017,AzureBot23,9942
145976,6767,2702,10/07/2017,AzureBot23,7712
145979,5527,2702,10/07/2017,AzureBot23,9337
145979,6767,2702,10/07/2017,AzureBot23,8667
146064,5636,2702,10/07/2017,AzureBot24,13958
146012,5636,2702,10/07/2017,AzureBot24,2975
146064,6766,2702,10/07/2017,AzureBot24,3985
146065,6767,2702,10/07/2017,AzureBot24,863
146064,6767,2702,10/07/2017,AzureBot24,4362
146065,6794,2702,10/07/2017,AzureBot24,3991
146065,6766,2702,10/07/2017,AzureBot24,3997
146012,6766,2702,10/07/2017,AzureBot24,1992
146065,5527,2702,10/07/2017,AzureBot24,3992
146065,5636,2702,10/07/2017,AzureBot24,2989
146012,6767,2702,10/07/2017,AzureBot24,331
146064,6794,2702,10/07/2017,AzureBot24,1000
146012,6794,2702,10/07/2017,AzureBot24,203
146082,6766,2702,10/07/2017,AzureBot25,975
146066,6766,2702,10/07/2017,AzureBot25,999
146082,6794,2702,10/07/2017,AzureBot25,1945
146066,6767,2702,10/07/2017,AzureBot25,4308
146082,5527,2702,10/07/2017,AzureBot25,4320
146066,5527,2702,10/07/2017,AzureBot25,1206
146066,6794,2702,10/07/2017,AzureBot25,3448
146082,5636,2702,10/07/2017,AzureBot25,1978
146085,6794,2702,10/07/2017,AzureBot25,257
146085,5527,2702,10/07/2017,AzureBot25,335
146085,6767,2702,10/07/2017,AzureBot25,62
37,6766,2702,13/07/2017,AzureBot1,16947
31,6767,2702,13/07/2017,AzureBot1,14017
37,6767,2702,13/07/2017,AzureBot1,14104
3,6767,2702,13/07/2017,AzureBot1,15978
3,6794,2702,13/07/2017,AzureBot1,16721
3,5527,2702,13/07/2017,AzureBot1,9946
37,5636,2702,13/07/2017,AzureBot1,11968
37,6794,2702,13/07/2017,AzureBot1,10945
31,6794,2702,13/07/2017,AzureBot1,10949
3,6766,2702,13/07/2017,AzureBot1,12788
31,5636,2702,13/07/2017,AzureBot1,11979
3,5636,2702,13/07/2017,AzureBot1,12960
37,5527,2702,13/07/2017,AzureBot1,8931
31,5527,2702,13/07/2017,AzureBot1,6849
31,6766,2702,13/07/2017,AzureBot1,4974
43,6767,2702,13/07/2017,AzureBot2,1
43,6766,2702,13/07/2017,AzureBot2,9973
43,5636,2702,13/07/2017,AzureBot2,19824
219,6794,2702,13/07/2017,AzureBot2,1702
49,6767,2702,13/07/2017,AzureBot2,17433
49,5527,2702,13/07/2017,AzureBot2,9961
49,6794,2702,13/07/2017,AzureBot2,39194
219,6766,2702,13/07/2017,AzureBot2,9946
43,5527,2702,13/07/2017,AzureBot2,18676
219,5636,2702,13/07/2017,AzureBot2,9987
219,6767,2702,13/07/2017,AzureBot2,3177
3493,6767,2702,13/07/2017,AzureBot3,18525
3492,6767,2702,13/07/2017,AzureBot3,20178
3485,6767,2702,13/07/2017,AzureBot3,10756
3493,5527,2702,13/07/2017,AzureBot3,29888
3493,6766,2702,13/07/2017,AzureBot3,19923
3485,5527,2702,13/07/2017,AzureBot3,9955
3492,6766,2702,13/07/2017,AzureBot3,9990
3493,6794,2702,13/07/2017,AzureBot3,9960
3485,5636,2702,13/07/2017,AzureBot3,9966
3493,5636,2702,13/07/2017,AzureBot3,9917
3492,5636,2702,13/07/2017,AzureBot3,9984
3492,6794,2702,13/07/2017,AzureBot3,9802
3889,6767,2702,13/07/2017,AzureBot4,285
3889,6766,2702,13/07/2017,AzureBot4,3669
3891,6766,2702,13/07/2017,AzureBot4,11905
3889,5636,2702,13/07/2017,AzureBot4,10950
3494,5636,2702,13/07/2017,AzureBot4,13924
3889,5527,2702,13/07/2017,AzureBot4,385
3891,6767,2702,13/07/2017,AzureBot4,212
3889,6794,2702,13/07/2017,AzureBot4,849
3494,5527,2702,13/07/2017,AzureBot4,2980
3494,6767,2702,13/07/2017,AzureBot4,1748
3891,5527,2702,13/07/2017,AzureBot4,4
3494,6766,2702,13/07/2017,AzureBot4,4959
3891,5636,2702,13/07/2017,AzureBot4,1988
3494,6794,2702,13/07/2017,AzureBot4,3991
3891,6794,2702,13/07/2017,AzureBot4,389
3899,6766,2702,13/07/2017,AzureBot5,1868
3899,5526,2702,13/07/2017,AzureBot5,3507
3902,6794,2702,13/07/2017,AzureBot5,11459
3896,6767,2702,13/07/2017,AzureBot5,15776
3896,5527,2702,13/07/2017,AzureBot5,5188
3899,5636,2702,13/07/2017,AzureBot5,9980
3899,6767,2702,13/07/2017,AzureBot5,6293
3899,6794,2702,13/07/2017,AzureBot5,8253
3896,6794,2702,13/07/2017,AzureBot5,9245
3902,5636,2702,13/07/2017,AzureBot5,17
3917,6766,2702,13/07/2017,AzureBot6,16953
3903,5636,2702,13/07/2017,AzureBot6,11513
3913,5527,2702,13/07/2017,AzureBot6,18307
3917,6767,2702,13/07/2017,AzureBot6,26452
3917,6794,2702,13/07/2017,AzureBot6,35264
3913,6767,2702,13/07/2017,AzureBot6,16915
3917,5636,2702,13/07/2017,AzureBot6,28846
3903,6766,2702,13/07/2017,AzureBot6,39083
3913,6794,2702,13/07/2017,AzureBot6,28893
3913,5636,2702,13/07/2017,AzureBot6,32363
3913,6766,2702,13/07/2017,AzureBot6,22932
3903,5527,2702,13/07/2017,AzureBot6,21614
3903,6767,2702,13/07/2017,AzureBot6,12371
3903,6794,2702,13/07/2017,AzureBot6,8766
3917,5527,2702,13/07/2017,AzureBot6,9728
3918,6767,2702,13/07/2017,AzureBot7,14782
3950,6794,2702,13/07/2017,AzureBot7,19239
3950,5636,2702,13/07/2017,AzureBot7,26952
3918,6794,2702,13/07/2017,AzureBot7,34880
3918,5636,2702,13/07/2017,AzureBot7,15443
3954,6766,2702,13/07/2017,AzureBot7,13940
3918,6766,2702,13/07/2017,AzureBot7,20977
3918,5527,2702,13/07/2017,AzureBot7,12905
3954,6767,2702,13/07/2017,AzureBot7,5726
3950,6766,2702,13/07/2017,AzureBot7,3907
3954,5527,2702,13/07/2017,AzureBot7,2012
3954,6794,2702,13/07/2017,AzureBot7,226
3954,5636,2702,13/07/2017,AzureBot7,3999
3950,5527,2702,13/07/2017,AzureBot7,2224
6566,6767,2702,13/07/2017,AzureBot8,837
9889,6766,2702,13/07/2017,AzureBot8,10899
9889,5527,2702,13/07/2017,AzureBot8,9956
7295,6766,2702,13/07/2017,AzureBot8,12990
7295,6794,2702,13/07/2017,AzureBot8,1202
7295,5636,2702,13/07/2017,AzureBot8,977
6566,6766,2702,13/07/2017,AzureBot8,832
6566,6794,2702,13/07/2017,AzureBot8,362
9889,5636,2702,13/07/2017,AzureBot8,1998
6566,5527,2702,13/07/2017,AzureBot8,990
9889,6794,2702,13/07/2017,AzureBot8,2980
7295,6767,2702,13/07/2017,AzureBot8,510
9914,6766,2702,13/07/2017,AzureBot9,21793
9914,5636,2702,13/07/2017,AzureBot9,41186
9914,6794,2702,13/07/2017,AzureBot9,64231
9914,5527,2702,13/07/2017,AzureBot9,59306
9914,6767,2702,13/07/2017,AzureBot9,47221
9946,6767,2702,13/07/2017,AzureBot10,16107
9946,6766,2702,13/07/2017,AzureBot10,17014
9957,5527,2702,13/07/2017,AzureBot10,7480
9952,6794,2702,13/07/2017,AzureBot10,12274
9946,5636,2702,13/07/2017,AzureBot10,16799
9957,6794,2702,13/07/2017,AzureBot10,37754
9952,6767,2702,13/07/2017,AzureBot10,19224
9946,5527,2702,13/07/2017,AzureBot10,30363
9952,6766,2702,13/07/2017,AzureBot10,25830
9957,6766,2702,13/07/2017,AzureBot10,27492
9957,5636,2702,13/07/2017,AzureBot10,16921
9957,6767,2702,13/07/2017,AzureBot10,9327
9952,5636,2702,13/07/2017,AzureBot10,9433
9946,6794,2702,13/07/2017,AzureBot10,5978
9952,5527,2702,13/07/2017,AzureBot10,2866
9967,6767,2702,13/07/2017,AzureBot11,42608
9967,6766,2702,13/07/2017,AzureBot11,21991
9970,5636,2702,13/07/2017,AzureBot11,12647
9967,5527,2702,13/07/2017,AzureBot11,8262
9971,6766,2702,13/07/2017,AzureBot11,11987
9967,5636,2702,13/07/2017,AzureBot11,10868
9971,6794,2702,13/07/2017,AzureBot11,23321
9971,5527,2702,13/07/2017,AzureBot11,25951
9971,5636,2702,13/07/2017,AzureBot11,16921
9970,6794,2702,13/07/2017,AzureBot11,10505
9967,6794,2702,13/07/2017,AzureBot11,14980
9970,5527,2702,13/07/2017,AzureBot11,13502
9971,6767,2702,13/07/2017,AzureBot11,4762
9970,6766,2702,13/07/2017,AzureBot11,2711
9970,6767,2702,13/07/2017,AzureBot11,1908
9978,5527,2702,13/07/2017,AzureBot12,9789
9978,6794,2702,13/07/2017,AzureBot12,19040
9976,6767,2702,13/07/2017,AzureBot12,3189
9978,6766,2702,13/07/2017,AzureBot12,19956
9978,6767,2702,13/07/2017,AzureBot12,3926
9980,6767,2702,13/07/2017,AzureBot13,8845
9983,5636,2702,13/07/2017,AzureBot13,19864
9983,6766,2702,13/07/2017,AzureBot13,37080
10093,6767,2702,13/07/2017,AzureBot13,22680
9980,6766,2702,13/07/2017,AzureBot13,29968
10093,5636,2702,13/07/2017,AzureBot13,19937
10093,6794,2702,13/07/2017,AzureBot13,10000
9983,6794,2702,13/07/2017,AzureBot13,11820
9980,5636,2702,13/07/2017,AzureBot13,9903
14951,5527,2702,13/07/2017,AzureBot14,5772
10101,6767,2702,13/07/2017,AzureBot14,16010
14951,6767,2702,13/07/2017,AzureBot14,16512
14951,5636,2702,13/07/2017,AzureBot14,10974
10101,6766,2702,13/07/2017,AzureBot14,3988
10101,6794,2702,13/07/2017,AzureBot14,2848
14951,6794,2702,13/07/2017,AzureBot14,1774
10101,5636,2702,13/07/2017,AzureBot14,1996
10101,5527,2702,13/07/2017,AzureBot14,3959
14965,6794,2702,13/07/2017,AzureBot15,1670
14965,6767,2702,13/07/2017,AzureBot15,46
14971,6794,2702,13/07/2017,AzureBot15,581
14965,5636,2702,13/07/2017,AzureBot15,2992
14965,6766,2702,13/07/2017,AzureBot15,2998
14971,5636,2702,13/07/2017,AzureBot15,1000
34536,5527,2702,13/07/2017,AzureBot16,6413
34536,5636,2702,13/07/2017,AzureBot16,10953
34536,6767,2702,13/07/2017,AzureBot16,257
34536,6766,2702,13/07/2017,AzureBot16,1324
34536,6794,2702,13/07/2017,AzureBot16,466
125923,6767,2702,13/07/2017,AzureBot17,29477
125923,5527,2702,13/07/2017,AzureBot17,41026
125923,5636,2702,13/07/2017,AzureBot17,29924
125923,6794,2702,13/07/2017,AzureBot17,31859
125923,6766,2702,13/07/2017,AzureBot17,34525
145804,5527,2702,13/07/2017,AzureBot18,20882
145834,5636,2702,13/07/2017,AzureBot18,12987
145804,6794,2702,13/07/2017,AzureBot18,9848
145834,6794,2702,13/07/2017,AzureBot18,3987
145834,6766,2702,13/07/2017,AzureBot18,5972
145804,5636,2702,13/07/2017,AzureBot18,2982
145834,6767,2702,13/07/2017,AzureBot18,1330
145833,5636,2702,13/07/2017,AzureBot18,4978
145833,6766,2702,13/07/2017,AzureBot18,1998
145833,6794,2702,13/07/2017,AzureBot18,466
145804,6767,2702,13/07/2017,AzureBot18,918
145833,6767,2702,13/07/2017,AzureBot18,272
145834,5527,2702,13/07/2017,AzureBot18,2988
145804,6766,2702,13/07/2017,AzureBot18,2993
145836,5636,2702,13/07/2017,AzureBot19,9942
145847,6766,2702,13/07/2017,AzureBot19,29910
145847,6767,2702,13/07/2017,AzureBot19,19024
145839,5636,2702,13/07/2017,AzureBot19,19890
145836,6794,2702,13/07/2017,AzureBot19,18144
145836,5527,2702,13/07/2017,AzureBot19,19694
145847,5636,2702,13/07/2017,AzureBot19,9991
145839,6794,2702,13/07/2017,AzureBot19,9972
145836,6767,2702,13/07/2017,AzureBot19,6412
145847,5527,2702,13/07/2017,AzureBot19,19950
145839,6767,2702,13/07/2017,AzureBot19,8877
145836,6766,2702,13/07/2017,AzureBot19,9431
145839,6766,2702,13/07/2017,AzureBot19,9979
145848,6767,2702,13/07/2017,AzureBot20,8999
145854,6794,2702,13/07/2017,AzureBot20,662
145854,5636,2702,13/07/2017,AzureBot20,972
145848,5636,2702,13/07/2017,AzureBot20,963
145853,6794,2702,13/07/2017,AzureBot20,736
145854,6767,2702,13/07/2017,AzureBot20,96
145855,6794,2702,13/07/2017,AzureBot21,29435
145862,6794,2702,13/07/2017,AzureBot21,9921
145857,6767,2702,13/07/2017,AzureBot21,15173
145857,6766,2702,13/07/2017,AzureBot21,9937
145855,6766,2702,13/07/2017,AzureBot21,9980
145855,5527,2702,13/07/2017,AzureBot21,9618
145862,6767,2702,13/07/2017,AzureBot21,9270
145878,5636,2702,13/07/2017,AzureBot22,9941
145872,5527,2702,13/07/2017,AzureBot22,29937
145953,6766,2702,13/07/2017,AzureBot22,47325
145872,6767,2702,13/07/2017,AzureBot22,9205
145878,6766,2702,13/07/2017,AzureBot22,9989
145878,6767,2702,13/07/2017,AzureBot22,18259
145872,6766,2702,13/07/2017,AzureBot22,9891
145878,6794,2702,13/07/2017,AzureBot22,9928
145953,5636,2702,13/07/2017,AzureBot22,9932
145953,6767,2702,13/07/2017,AzureBot22,18678
145878,5527,2702,13/07/2017,AzureBot22,9786
145953,5527,2702,13/07/2017,AzureBot22,6462
145976,6794,2702,13/07/2017,AzureBot23,9985
145972,6767,2702,13/07/2017,AzureBot23,18115
145976,6766,2702,13/07/2017,AzureBot23,9984
145972,6766,2702,13/07/2017,AzureBot23,19954
145979,6766,2702,13/07/2017,AzureBot23,9963
145972,6794,2702,13/07/2017,AzureBot23,9942
145976,6767,2702,13/07/2017,AzureBot23,22877
145979,5527,2702,13/07/2017,AzureBot23,9337
145979,6767,2702,13/07/2017,AzureBot23,13516
145972,5636,2702,13/07/2017,AzureBot23,9798
145972,5527,2702,13/07/2017,AzureBot23,9872
146064,5636,2702,13/07/2017,AzureBot24,14935
146012,5636,2702,13/07/2017,AzureBot24,4971
146064,6766,2702,13/07/2017,AzureBot24,7933
146065,6767,2702,13/07/2017,AzureBot24,2585
146064,6767,2702,13/07/2017,AzureBot24,6101
146065,6794,2702,13/07/2017,AzureBot24,8976
146065,6766,2702,13/07/2017,AzureBot24,5988
146012,6766,2702,13/07/2017,AzureBot24,2983
146065,5527,2702,13/07/2017,AzureBot24,5990
146065,5636,2702,13/07/2017,AzureBot24,4934
146012,6767,2702,13/07/2017,AzureBot24,975
146064,6794,2702,13/07/2017,AzureBot24,1996
146012,6794,2702,13/07/2017,AzureBot24,232
146064,5527,2702,13/07/2017,AzureBot24,998
146082,6766,2702,13/07/2017,AzureBot25,975
146066,6766,2702,13/07/2017,AzureBot25,1997
146082,6794,2702,13/07/2017,AzureBot25,1945
146066,6767,2702,13/07/2017,AzureBot25,5161
146082,5527,2702,13/07/2017,AzureBot25,4320
146066,5527,2702,13/07/2017,AzureBot25,1206
146066,6794,2702,13/07/2017,AzureBot25,4447
146082,5636,2702,13/07/2017,AzureBot25,3973
146085,6794,2702,13/07/2017,AzureBot25,631
146085,5527,2702,13/07/2017,AzureBot25,658
146085,6767,2702,13/07/2017,AzureBot25,88
146066,5636,2702,13/07/2017,AzureBot25,997
146085,5636,2702,13/07/2017,AzureBot25,963
37,6766,2702,2017-08-31,AzureBot1,16944
31,6767,2702,2017-08-31,AzureBot1,29056
37,6767,2702,2017-08-31,AzureBot1,13298
3,6767,2702,2017-08-31,AzureBot1,16438
3,6794,2702,2017-08-31,AzureBot1,15717
3,5527,2702,2017-08-31,AzureBot1,9946
37,5636,2702,2017-08-31,AzureBot1,10968
37,6794,2702,2017-08-31,AzureBot1,10410
31,6794,2702,2017-08-31,AzureBot1,31624
3,6766,2702,2017-08-31,AzureBot1,11728
31,5636,2702,2017-08-31,AzureBot1,27983
3,5636,2702,2017-08-31,AzureBot1,12960
37,5527,2702,2017-08-31,AzureBot1,9928
31,5527,2702,2017-08-31,AzureBot1,23743
31,6766,2702,2017-08-31,AzureBot1,21888
43,6767,2702,2017-08-31,AzureBot2,956
43,6766,2702,2017-08-31,AzureBot2,10980
43,5636,2702,2017-08-31,AzureBot2,19824
219,6794,2702,2017-08-31,AzureBot2,1702
49,6767,2702,2017-08-31,AzureBot2,17433
49,5527,2702,2017-08-31,AzureBot2,9961
49,6794,2702,2017-08-31,AzureBot2,39194
219,6766,2702,2017-08-31,AzureBot2,10942
43,5527,2702,2017-08-31,AzureBot2,18676
219,5636,2702,2017-08-31,AzureBot2,9987
219,6767,2702,2017-08-31,AzureBot2,3340
219,5527,2702,2017-08-31,AzureBot2,351
3493,5527,2702,2017-08-31,AzureBot3,29347
3493,6766,2702,2017-08-31,AzureBot3,19923
3493,6767,2702,2017-08-31,AzureBot3,17315
3485,5527,2702,2017-08-31,AzureBot3,10952
3492,6766,2702,2017-08-31,AzureBot3,9990
3493,6794,2702,2017-08-31,AzureBot3,9960
3485,6767,2702,2017-08-31,AzureBot3,6333
3485,5636,2702,2017-08-31,AzureBot3,8524
3493,5636,2702,2017-08-31,AzureBot3,3354
3492,6767,2702,2017-08-31,AzureBot3,17949
3492,5636,2702,2017-08-31,AzureBot3,10981
3492,6794,2702,2017-08-31,AzureBot3,9926
3485,6794,2702,2017-08-31,AzureBot3,1960
3485,6766,2702,2017-08-31,AzureBot3,995
3889,6767,2702,2017-08-31,AzureBot4,285
3889,6766,2702,2017-08-31,AzureBot4,3669
3891,6766,2702,2017-08-31,AzureBot4,11905
3889,5636,2702,2017-08-31,AzureBot4,10950
3494,5636,2702,2017-08-31,AzureBot4,13924
3889,5527,2702,2017-08-31,AzureBot4,385
3891,6767,2702,2017-08-31,AzureBot4,244
3889,6794,2702,2017-08-31,AzureBot4,849
3494,5527,2702,2017-08-31,AzureBot4,3979
3494,6767,2702,2017-08-31,AzureBot4,3483
3891,5527,2702,2017-08-31,AzureBot4,1892
3494,6766,2702,2017-08-31,AzureBot4,4959
3891,5636,2702,2017-08-31,AzureBot4,3982
3494,6794,2702,2017-08-31,AzureBot4,3991
3891,6794,2702,2017-08-31,AzureBot4,389
3899,6766,2702,2017-08-31,AzureBot5,2865
3899,5526,2702,2017-08-31,AzureBot5,3507
3902,6794,2702,2017-08-31,AzureBot5,14109
3896,6767,2702,2017-08-31,AzureBot5,16725
3896,5527,2702,2017-08-31,AzureBot5,6121
3899,5636,2702,2017-08-31,AzureBot5,12967
3899,6767,2702,2017-08-31,AzureBot5,7630
3899,6794,2702,2017-08-31,AzureBot5,9242
3896,6794,2702,2017-08-31,AzureBot5,11183
3902,5636,2702,2017-08-31,AzureBot5,7601
3902,5527,2702,2017-08-31,AzureBot5,1997
3902,6767,2702,2017-08-31,AzureBot5,1854
3902,6766,2702,2017-08-31,AzureBot5,1993
3896,6766,2702,2017-08-31,AzureBot5,998
3896,5636,2702,2017-08-31,AzureBot5,3987
3917,6766,2702,2017-08-31,AzureBot6,16953
3903,5636,2702,2017-08-31,AzureBot6,10884
3913,5527,2702,2017-08-31,AzureBot6,18303
3917,6767,2702,2017-08-31,AzureBot6,20823
3917,6794,2702,2017-08-31,AzureBot6,25202
3913,6767,2702,2017-08-31,AzureBot6,16915
3913,6766,2702,2017-08-31,AzureBot6,17928
3903,5527,2702,2017-08-31,AzureBot6,15789
3913,5636,2702,2017-08-31,AzureBot6,23476
3917,5636,2702,2017-08-31,AzureBot6,18891
3903,6766,2702,2017-08-31,AzureBot6,21875
3903,6767,2702,2017-08-31,AzureBot6,12694
3903,6794,2702,2017-08-31,AzureBot6,7767
3913,6794,2702,2017-08-31,AzureBot6,7915
3917,5527,2702,2017-08-31,AzureBot6,8752
9978,5527,2702,2017-08-31,AzureBot12,9789
9978,6794,2702,2017-08-31,AzureBot12,10062
9976,6767,2702,2017-08-31,AzureBot12,2166
9978,6766,2702,2017-08-31,AzureBot12,19956
9978,6767,2702,2017-08-31,AzureBot12,5023
9980,5636,2702,2017-08-31,AzureBot12,2991
9977,6767,2702,2017-08-31,AzureBot12,1253
9977,5636,2702,2017-08-31,AzureBot12,997
9980,6767,2702,2017-08-31,AzureBot12,888
9980,5527,2702,2017-08-31,AzureBot12,997
9983,6766,2702,2017-08-31,AzureBot13,15998
10093,6767,2702,2017-08-31,AzureBot13,21856
9980,6766,2702,2017-08-31,AzureBot13,20716
9983,5636,2702,2017-08-31,AzureBot13,9867
10093,5636,2702,2017-08-31,AzureBot13,19937
10093,6794,2702,2017-08-31,AzureBot13,10000
9983,6794,2702,2017-08-31,AzureBot13,11818
9980,5636,2702,2017-08-31,AzureBot13,9902
10101,5527,2702,2017-08-31,AzureBot13,14534
10101,6794,2702,2017-08-31,AzureBot13,14670
10101,5636,2702,2017-08-31,AzureBot13,18557
10101,6767,2702,2017-08-31,AzureBot13,9032
10101,6766,2702,2017-08-31,AzureBot13,12148
14951,5527,2702,2017-08-31,AzureBot14,6954
10101,6767,2702,2017-08-31,AzureBot14,16010
14951,6767,2702,2017-08-31,AzureBot14,17354
14951,5636,2702,2017-08-31,AzureBot14,10973
10101,6766,2702,2017-08-31,AzureBot14,3988
10101,6794,2702,2017-08-31,AzureBot14,2848
14951,6794,2702,2017-08-31,AzureBot14,2458
10101,5636,2702,2017-08-31,AzureBot14,1996
10101,5527,2702,2017-08-31,AzureBot14,3959
14965,6767,2702,2017-08-31,AzureBot14,579
14965,6794,2702,2017-08-31,AzureBot15,1669
14965,6767,2702,2017-08-31,AzureBot15,46
14971,6794,2702,2017-08-31,AzureBot15,581
14965,5636,2702,2017-08-31,AzureBot15,2992
14965,6766,2702,2017-08-31,AzureBot15,2997
14971,5636,2702,2017-08-31,AzureBot15,2996
34536,6794,2702,2017-08-31,AzureBot15,873
34536,6766,2702,2017-08-31,AzureBot15,994
34536,5636,2702,2017-08-31,AzureBot15,998
14971,6767,2702,2017-08-31,AzureBot15,804
34536,5527,2702,2017-08-31,AzureBot16,6413
34536,5636,2702,2017-08-31,AzureBot16,10953
34536,6767,2702,2017-08-31,AzureBot16,257
34536,6766,2702,2017-08-31,AzureBot16,1667
34536,6794,2702,2017-08-31,AzureBot16,492
125923,6767,2702,2017-08-31,AzureBot17,30324
125923,5527,2702,2017-08-31,AzureBot17,41023
125923,5636,2702,2017-08-31,AzureBot17,32135
125923,6794,2702,2017-08-31,AzureBot17,31856
125923,6766,2702,2017-08-31,AzureBot17,35512
145804,6767,2702,2017-08-31,AzureBot17,12710
145804,5636,2702,2017-08-31,AzureBot17,12673
145804,6766,2702,2017-08-31,AzureBot17,15949
145804,5527,2702,2017-08-31,AzureBot17,7975
145804,6794,2702,2017-08-31,AzureBot17,6974
145848,6767,2702,2017-08-31,AzureBot20,8999
145854,6794,2702,2017-08-31,AzureBot20,1445
145854,5636,2702,2017-08-31,AzureBot20,1971
145848,5636,2702,2017-08-31,AzureBot20,1960
145853,6794,2702,2017-08-31,AzureBot20,1735
145854,6767,2702,2017-08-31,AzureBot20,889
145853,6767,2702,2017-08-31,AzureBot20,1305
145853,6766,2702,2017-08-31,AzureBot20,1919
145848,6766,2702,2017-08-31,AzureBot20,998
145855,5527,2702,2017-08-31,AzureBot20,1996
145853,5527,2702,2017-08-31,AzureBot20,998
145854,5527,2702,2017-08-31,AzureBot20,127
145878,5636,2702,2017-08-31,AzureBot22,9941
145872,5527,2702,2017-08-31,AzureBot22,29934
145953,6766,2702,2017-08-31,AzureBot22,41878
145872,6767,2702,2017-08-31,AzureBot22,9205
145878,6766,2702,2017-08-31,AzureBot22,9989
145878,6767,2702,2017-08-31,AzureBot22,13706
145872,6766,2702,2017-08-31,AzureBot22,9891
145878,6794,2702,2017-08-31,AzureBot22,9928
145953,5636,2702,2017-08-31,AzureBot22,9932
145953,6767,2702,2017-08-31,AzureBot22,18676
145878,5527,2702,2017-08-31,AzureBot22,9786
145953,5527,2702,2017-08-31,AzureBot22,9704
145976,6794,2702,2017-08-31,AzureBot23,9985
145972,6767,2702,2017-08-31,AzureBot23,18115
145976,6766,2702,2017-08-31,AzureBot23,10981
145972,6766,2702,2017-08-31,AzureBot23,19954
145979,6766,2702,2017-08-31,AzureBot23,10960
145972,6794,2702,2017-08-31,AzureBot23,9942
145976,6767,2702,2017-08-31,AzureBot23,17389
145979,5527,2702,2017-08-31,AzureBot23,9337
145979,6767,2702,2017-08-31,AzureBot23,14253
145972,5636,2702,2017-08-31,AzureBot23,9798
145972,5527,2702,2017-08-31,AzureBot23,6142
146012,6767,2702,2017-08-31,AzureBot23,1678
145976,5636,2702,2017-08-31,AzureBot23,996
146012,5527,2702,2017-08-31,AzureBot23,136
146066,6767,2702,2017-08-31,AzureBot25,2917
146082,6794,2702,2017-08-31,AzureBot25,966
146082,5636,2702,2017-08-31,AzureBot25,3972
146082,5527,2702,2017-08-31,AzureBot25,2169
146066,6794,2702,2017-08-31,AzureBot25,2999
146085,6794,2702,2017-08-31,AzureBot25,631
146085,5527,2702,2017-08-31,AzureBot25,657
146085,6767,2702,2017-08-31,AzureBot25,1020
146066,5636,2702,2017-08-31,AzureBot25,997
146066,6766,2702,2017-08-31,AzureBot25,1996
146085,5636,2702,2017-08-31,AzureBot25,981
146066,5527,2702,2017-08-31,AzureBot25,995
3918,6767,2702,2017-08-31,AzureBot7,13021
3950,6794,2702,2017-08-31,AzureBot7,19239
3950,5636,2702,2017-08-31,AzureBot7,22977
3918,6794,2702,2017-08-31,AzureBot7,30894
3918,5636,2702,2017-08-31,AzureBot7,15071
3954,6766,2702,2017-08-31,AzureBot7,13878
3918,6766,2702,2017-08-31,AzureBot7,20977
3918,5527,2702,2017-08-31,AzureBot7,12905
3954,6767,2702,2017-08-31,AzureBot7,3264
3954,5636,2702,2017-08-31,AzureBot7,3993
3954,5527,2702,2017-08-31,AzureBot7,1965
3950,5527,2702,2017-08-31,AzureBot7,2224
3950,6766,2702,2017-08-31,AzureBot7,1959
3954,6794,2702,2017-08-31,AzureBot7,596
6566,5636,2702,2017-08-31,AzureBot7,997
6566,5527,2702,2017-08-31,AzureBot7,251
6566,6767,2702,2017-08-31,AzureBot8,837
9889,6766,2702,2017-08-31,AzureBot8,10899
9889,5527,2702,2017-08-31,AzureBot8,11947
7295,6766,2702,2017-08-31,AzureBot8,12990
7295,6794,2702,2017-08-31,AzureBot8,1719
7295,5636,2702,2017-08-31,AzureBot8,4753
6566,6766,2702,2017-08-31,AzureBot8,832
6566,6794,2702,2017-08-31,AzureBot8,362
9889,5636,2702,2017-08-31,AzureBot8,3983
6566,5527,2702,2017-08-31,AzureBot8,1012
9889,6794,2702,2017-08-31,AzureBot8,3979
7295,6767,2702,2017-08-31,AzureBot8,1281
9914,6766,2702,2017-08-31,AzureBot9,18738
9914,5636,2702,2017-08-31,AzureBot9,35357
9914,6794,2702,2017-08-31,AzureBot9,46973
9914,5527,2702,2017-08-31,AzureBot9,55676
9914,6767,2702,2017-08-31,AzureBot9,44513
9946,6767,2702,2017-08-31,AzureBot10,12838
9946,6766,2702,2017-08-31,AzureBot10,17014
9957,5527,2702,2017-08-31,AzureBot10,7480
9952,6794,2702,2017-08-31,AzureBot10,11430
9946,5636,2702,2017-08-31,AzureBot10,16339
9957,6794,2702,2017-08-31,AzureBot10,32274
9952,6767,2702,2017-08-31,AzureBot10,16874
9946,5527,2702,2017-08-31,AzureBot10,13161
9952,6766,2702,2017-08-31,AzureBot10,25830
9957,6766,2702,2017-08-31,AzureBot10,26492
9957,5636,2702,2017-08-31,AzureBot10,11398
9957,6767,2702,2017-08-31,AzureBot10,8394
9952,5636,2702,2017-08-31,AzureBot10,8432
9946,6794,2702,2017-08-31,AzureBot10,4981
9952,5527,2702,2017-08-31,AzureBot10,1911
9967,6767,2702,2017-08-31,AzureBot11,36814
9967,6766,2702,2017-08-31,AzureBot11,21991
9970,5636,2702,2017-08-31,AzureBot11,12647
9967,5527,2702,2017-08-31,AzureBot11,8262
9971,6766,2702,2017-08-31,AzureBot11,11987
9967,5636,2702,2017-08-31,AzureBot11,10868
9971,6794,2702,2017-08-31,AzureBot11,24319
9971,5527,2702,2017-08-31,AzureBot11,25951
9971,5636,2702,2017-08-31,AzureBot11,16921
9970,6794,2702,2017-08-31,AzureBot11,10687
9967,6794,2702,2017-08-31,AzureBot11,11771
9970,5527,2702,2017-08-31,AzureBot11,13502
9971,6767,2702,2017-08-31,AzureBot11,4776
9970,6766,2702,2017-08-31,AzureBot11,2711
9970,6767,2702,2017-08-31,AzureBot11,1908
9976,5527,2702,2017-08-31,AzureBot11,1996
9976,6766,2702,2017-08-31,AzureBot11,1000
9976,5636,2702,2017-08-31,AzureBot11,998
9976,6794,2702,2017-08-31,AzureBot11,542
43,6767,2702,2017-09-07,AzureBot2,956
43,6766,2702,2017-09-07,AzureBot2,11976
43,5636,2702,2017-09-07,AzureBot2,22790
219,6794,2702,2017-09-07,AzureBot2,2007
49,6767,2702,2017-09-07,AzureBot2,17433
49,5527,2702,2017-09-07,AzureBot2,9961
49,6794,2702,2017-09-07,AzureBot2,39194
219,6766,2702,2017-09-07,AzureBot2,13934
43,5527,2702,2017-09-07,AzureBot2,18676
219,5636,2702,2017-09-07,AzureBot2,10982
219,6767,2702,2017-09-07,AzureBot2,3340
219,5527,2702,2017-09-07,AzureBot2,795
43,6794,2702,2017-09-07,AzureBot2,994
3891,6766,2702,2017-09-07,AzureBot4,5594
3889,5636,2702,2017-09-07,AzureBot4,12936
3494,5636,2702,2017-09-07,AzureBot4,14917
3889,5527,2702,2017-09-07,AzureBot4,385
3891,6767,2702,2017-09-07,AzureBot4,244
3889,6794,2702,2017-09-07,AzureBot4,2772
3494,5527,2702,2017-09-07,AzureBot4,7948
3494,6767,2702,2017-09-07,AzureBot4,3483
3889,6767,2702,2017-09-07,AzureBot4,275
3891,5527,2702,2017-09-07,AzureBot4,2962
3889,6766,2702,2017-09-07,AzureBot4,3967
3494,6766,2702,2017-09-07,AzureBot4,7929
3891,5636,2702,2017-09-07,AzureBot4,3982
3494,6794,2702,2017-09-07,AzureBot4,3991
3891,6794,2702,2017-09-07,AzureBot4,389
3918,6767,2702,2017-09-07,AzureBot7,15660
3950,6794,2702,2017-09-07,AzureBot7,19239
3950,5636,2702,2017-09-07,AzureBot7,26952
3918,6794,2702,2017-09-07,AzureBot7,34880
3918,5636,2702,2017-09-07,AzureBot7,15889
3954,6766,2702,2017-09-07,AzureBot7,14885
3918,6766,2702,2017-09-07,AzureBot7,20977
3918,5527,2702,2017-09-07,AzureBot7,12905
3954,6767,2702,2017-09-07,AzureBot7,5726
3950,6766,2702,2017-09-07,AzureBot7,5866
3954,5527,2702,2017-09-07,AzureBot7,2945
3954,6794,2702,2017-09-07,AzureBot7,822
3954,5636,2702,2017-09-07,AzureBot7,4988
3950,5527,2702,2017-09-07,AzureBot7,2224
6566,5636,2702,2017-09-07,AzureBot7,997
6566,5527,2702,2017-09-07,AzureBot7,996
6566,6767,2702,2017-09-07,AzureBot7,987
6566,6766,2702,2017-09-07,AzureBot7,993
6566,6794,2702,2017-09-07,AzureBot7,167
6566,6767,2702,2017-09-07,AzureBot8,837
9889,6766,2702,2017-09-07,AzureBot8,10899
9889,5527,2702,2017-09-07,AzureBot8,12941
7295,6766,2702,2017-09-07,AzureBot8,16970
7295,6794,2702,2017-09-07,AzureBot8,2625
7295,5636,2702,2017-09-07,AzureBot8,4753
6566,6766,2702,2017-09-07,AzureBot8,832
6566,6794,2702,2017-09-07,AzureBot8,362
9889,5636,2702,2017-09-07,AzureBot8,4978
6566,5527,2702,2017-09-07,AzureBot8,1012
9889,6794,2702,2017-09-07,AzureBot8,5973
7295,6767,2702,2017-09-07,AzureBot8,1281
9889,6767,2702,2017-09-07,AzureBot8,1346
9967,6767,2702,2017-09-07,AzureBot11,48592
9967,6766,2702,2017-09-07,AzureBot11,21991
9970,5636,2702,2017-09-07,AzureBot11,15639
9967,5527,2702,2017-09-07,AzureBot11,8262
9971,6766,2702,2017-09-07,AzureBot11,11987
9967,5636,2702,2017-09-07,AzureBot11,10868
9971,6794,2702,2017-09-07,AzureBot11,24319
9971,5527,2702,2017-09-07,AzureBot11,25951
9971,5636,2702,2017-09-07,AzureBot11,16921
9970,6794,2702,2017-09-07,AzureBot11,10687
9967,6794,2702,2017-09-07,AzureBot11,19993
9970,5527,2702,2017-09-07,AzureBot11,15495
9971,6767,2702,2017-09-07,AzureBot11,4776
9970,6766,2702,2017-09-07,AzureBot11,3665
9970,6767,2702,2017-09-07,AzureBot11,3843
9976,5527,2702,2017-09-07,AzureBot11,3986
9976,6766,2702,2017-09-07,AzureBot11,1000
9976,5636,2702,2017-09-07,AzureBot11,3986
9976,6794,2702,2017-09-07,AzureBot11,2116
9978,6794,2702,2017-09-07,AzureBot12,18828
9976,6767,2702,2017-09-07,AzureBot12,3189
9978,6766,2702,2017-09-07,AzureBot12,19956
9978,6767,2702,2017-09-07,AzureBot12,5023
9980,5636,2702,2017-09-07,AzureBot12,4976
9977,6767,2702,2017-09-07,AzureBot12,1787
9977,5636,2702,2017-09-07,AzureBot12,1992
9980,6767,2702,2017-09-07,AzureBot12,1784
9980,5527,2702,2017-09-07,AzureBot12,997
9980,6766,2702,2017-09-07,AzureBot12,1990
9980,6794,2702,2017-09-07,AzureBot12,2991
9977,5527,2702,2017-09-07,AzureBot12,262
9980,6767,2702,2017-09-07,AzureBot13,8845
9983,5636,2702,2017-09-07,AzureBot13,19864
9983,6766,2702,2017-09-07,AzureBot13,37080
10093,6767,2702,2017-09-07,AzureBot13,22680
9980,6766,2702,2017-09-07,AzureBot13,29968
10093,5636,2702,2017-09-07,AzureBot13,19937
10093,6794,2702,2017-09-07,AzureBot13,10000
9983,6794,2702,2017-09-07,AzureBot13,11818
9980,5636,2702,2017-09-07,AzureBot13,9902
10101,5527,2702,2017-09-07,AzureBot13,52298
10101,6794,2702,2017-09-07,AzureBot13,48939
10101,5636,2702,2017-09-07,AzureBot13,42905
10101,6767,2702,2017-09-07,AzureBot13,35853
10101,6766,2702,2017-09-07,AzureBot13,43262
14951,5527,2702,2017-09-07,AzureBot14,6954
10101,6767,2702,2017-09-07,AzureBot14,16010
14951,6767,2702,2017-09-07,AzureBot14,19040
14951,5636,2702,2017-09-07,AzureBot14,11970
10101,6766,2702,2017-09-07,AzureBot14,3988
10101,6794,2702,2017-09-07,AzureBot14,2848
14951,6794,2702,2017-09-07,AzureBot14,5165
10101,5636,2702,2017-09-07,AzureBot14,1996
10101,5527,2702,2017-09-07,AzureBot14,3959
14965,6767,2702,2017-09-07,AzureBot14,897
14951,6766,2702,2017-09-07,AzureBot14,1991
14965,5636,2702,2017-09-07,AzureBot14,998
14965,5527,2702,2017-09-07,AzureBot14,197
14965,6794,2702,2017-09-07,AzureBot15,1669
14965,6767,2702,2017-09-07,AzureBot15,46
14971,6794,2702,2017-09-07,AzureBot15,987
14965,5636,2702,2017-09-07,AzureBot15,2992
14965,6766,2702,2017-09-07,AzureBot15,2997
14971,5636,2702,2017-09-07,AzureBot15,3988
34536,6794,2702,2017-09-07,AzureBot15,1976
34536,6766,2702,2017-09-07,AzureBot15,1986
34536,5636,2702,2017-09-07,AzureBot15,998
14971,6767,2702,2017-09-07,AzureBot15,804
34536,5527,2702,2017-09-07,AzureBot15,994
34536,5527,2702,2017-09-07,AzureBot16,6413
34536,5636,2702,2017-09-07,AzureBot16,10953
34536,6767,2702,2017-09-07,AzureBot16,257
34536,6766,2702,2017-09-07,AzureBot16,1667
34536,6794,2702,2017-09-07,AzureBot16,492
145804,5527,2702,2017-09-07,AzureBot18,20882
145834,5636,2702,2017-09-07,AzureBot18,13982
145804,6794,2702,2017-09-07,AzureBot18,11843
145834,6794,2702,2017-09-07,AzureBot18,3987
145834,6766,2702,2017-09-07,AzureBot18,5972
145804,5636,2702,2017-09-07,AzureBot18,2982
145834,6767,2702,2017-09-07,AzureBot18,3160
145833,5636,2702,2017-09-07,AzureBot18,6973
145833,6766,2702,2017-09-07,AzureBot18,1998
145833,6794,2702,2017-09-07,AzureBot18,466
145804,6767,2702,2017-09-07,AzureBot18,1805
145833,6767,2702,2017-09-07,AzureBot18,272
145834,5527,2702,2017-09-07,AzureBot18,4972
145804,6766,2702,2017-09-07,AzureBot18,2993
145833,5527,2702,2017-09-07,AzureBot18,809
145836,5636,2702,2017-09-07,AzureBot19,9942
145847,6766,2702,2017-09-07,AzureBot19,29910
145847,6767,2702,2017-09-07,AzureBot19,19023
145839,5636,2702,2017-09-07,AzureBot19,19889
145836,6794,2702,2017-09-07,AzureBot19,18144
145836,5527,2702,2017-09-07,AzureBot19,19690
145847,5636,2702,2017-09-07,AzureBot19,9991
145839,6794,2702,2017-09-07,AzureBot19,9971
145836,6767,2702,2017-09-07,AzureBot19,6412
145847,5527,2702,2017-09-07,AzureBot19,19948
145839,6767,2702,2017-09-07,AzureBot19,8877
145836,6766,2702,2017-09-07,AzureBot19,9430
145839,6766,2702,2017-09-07,AzureBot19,9979
145848,6767,2702,2017-09-07,AzureBot20,8999
145854,6794,2702,2017-09-07,AzureBot20,2393
145854,5636,2702,2017-09-07,AzureBot20,3959
145848,5636,2702,2017-09-07,AzureBot20,1960
145853,6794,2702,2017-09-07,AzureBot20,4183
145854,6767,2702,2017-09-07,AzureBot20,1899
145853,6767,2702,2017-09-07,AzureBot20,3283
145853,6766,2702,2017-09-07,AzureBot20,3904
145848,6766,2702,2017-09-07,AzureBot20,998
145855,5527,2702,2017-09-07,AzureBot20,2992
145853,5527,2702,2017-09-07,AzureBot20,2993
145854,5527,2702,2017-09-07,AzureBot20,370
145855,6794,2702,2017-09-07,AzureBot20,1980
145853,5636,2702,2017-09-07,AzureBot20,1994
145855,5636,2702,2017-09-07,AzureBot20,2967
145855,6767,2702,2017-09-07,AzureBot20,2864
145854,6766,2702,2017-09-07,AzureBot20,1978
145855,6766,2702,2017-09-07,AzureBot20,1976
145878,5636,2702,2017-09-07,AzureBot22,9941
145872,5527,2702,2017-09-07,AzureBot22,29934
145953,6766,2702,2017-09-07,AzureBot22,47325
145872,6767,2702,2017-09-07,AzureBot22,9205
145878,6766,2702,2017-09-07,AzureBot22,9989
145878,6767,2702,2017-09-07,AzureBot22,18259
145872,6766,2702,2017-09-07,AzureBot22,9891
145878,6794,2702,2017-09-07,AzureBot22,9928
145953,5636,2702,2017-09-07,AzureBot22,9932
145953,6767,2702,2017-09-07,AzureBot22,18676
145878,5527,2702,2017-09-07,AzureBot22,9786
145953,5527,2702,2017-09-07,AzureBot22,9704
145976,6794,2702,2017-09-07,AzureBot23,9985
145972,6767,2702,2017-09-07,AzureBot23,18115
145976,6766,2702,2017-09-07,AzureBot23,10981
145972,6766,2702,2017-09-07,AzureBot23,19954
145979,6766,2702,2017-09-07,AzureBot23,10960
145972,6794,2702,2017-09-07,AzureBot23,9942
145976,6767,2702,2017-09-07,AzureBot23,23660
145979,5527,2702,2017-09-07,AzureBot23,9337
145979,6767,2702,2017-09-07,AzureBot23,15192
145972,5636,2702,2017-09-07,AzureBot23,9798
145972,5527,2702,2017-09-07,AzureBot23,9871
146012,6767,2702,2017-09-07,AzureBot23,1678
145976,5636,2702,2017-09-07,AzureBot23,996
146012,5527,2702,2017-09-07,AzureBot23,699
146012,6766,2702,2017-09-07,AzureBot23,995
145979,6794,2702,2017-09-07,AzureBot23,715
146082,6766,2702,2017-09-07,AzureBot25,975
146066,6766,2702,2017-09-07,AzureBot25,3987
146082,6794,2702,2017-09-07,AzureBot25,1945
146066,6767,2702,2017-09-07,AzureBot25,5161
146082,5527,2702,2017-09-07,AzureBot25,4318
146066,5527,2702,2017-09-07,AzureBot25,5181
146066,6794,2702,2017-09-07,AzureBot25,4447
146082,5636,2702,2017-09-07,AzureBot25,3972
146085,6794,2702,2017-09-07,AzureBot25,631
146085,5527,2702,2017-09-07,AzureBot25,657
146085,6767,2702,2017-09-07,AzureBot25,2537
146066,5636,2702,2017-09-07,AzureBot25,997
146085,5636,2702,2017-09-07,AzureBot25,981
146085,6766,2702,2017-09-07,AzureBot25,992
3493,6767,2702,2017-09-07,AzureBot3,18525
3492,6767,2702,2017-09-07,AzureBot3,24499
3485,6767,2702,2017-09-07,AzureBot3,13699
3493,5527,2702,2017-09-07,AzureBot3,29888
3493,6766,2702,2017-09-07,AzureBot3,19923
3485,5527,2702,2017-09-07,AzureBot3,14936
3492,6766,2702,2017-09-07,AzureBot3,14578
3493,6794,2702,2017-09-07,AzureBot3,9960
3485,5636,2702,2017-09-07,AzureBot3,11961
3493,5636,2702,2017-09-07,AzureBot3,9917
3492,5636,2702,2017-09-07,AzureBot3,11974
3492,6794,2702,2017-09-07,AzureBot3,12920
3485,6794,2702,2017-09-07,AzureBot3,3949
3485,6766,2702,2017-09-07,AzureBot3,3980
3492,5527,2702,2017-09-07,AzureBot3,1990
3899,6766,2702,2017-09-07,AzureBot5,5696
3899,5526,2702,2017-09-07,AzureBot5,3507
3902,6794,2702,2017-09-07,AzureBot5,14450
3896,6767,2702,2017-09-07,AzureBot5,18615
3896,5527,2702,2017-09-07,AzureBot5,8113
3899,5636,2702,2017-09-07,AzureBot5,15957
3899,6767,2702,2017-09-07,AzureBot5,9678
3899,6794,2702,2017-09-07,AzureBot5,14921
3896,6794,2702,2017-09-07,AzureBot5,11183
3902,5636,2702,2017-09-07,AzureBot5,15266
3902,5527,2702,2017-09-07,AzureBot5,8969
3902,6767,2702,2017-09-07,AzureBot5,2791
3902,6766,2702,2017-09-07,AzureBot5,4952
3896,6766,2702,2017-09-07,AzureBot5,2987
3896,5636,2702,2017-09-07,AzureBot5,8966
3899,5527,2702,2017-09-07,AzureBot5,998
3917,6766,2702,2017-09-07,AzureBot6,16953
3903,5636,2702,2017-09-07,AzureBot6,11513
3913,5527,2702,2017-09-07,AzureBot6,19303
3917,6767,2702,2017-09-07,AzureBot6,26452
3917,6794,2702,2017-09-07,AzureBot6,35264
3913,6767,2702,2017-09-07,AzureBot6,17818
3917,5636,2702,2017-09-07,AzureBot6,28845
3903,6766,2702,2017-09-07,AzureBot6,39082
3913,6794,2702,2017-09-07,AzureBot6,28893
3913,5636,2702,2017-09-07,AzureBot6,33360
3913,6766,2702,2017-09-07,AzureBot6,22932
3903,5527,2702,2017-09-07,AzureBot6,22568
3903,6767,2702,2017-09-07,AzureBot6,12694
3903,6794,2702,2017-09-07,AzureBot6,8762
3917,5527,2702,2017-09-07,AzureBot6,9728
9914,6766,2702,2017-09-07,AzureBot9,29318
9914,5636,2702,2017-09-07,AzureBot9,41186
9914,6794,2702,2017-09-07,AzureBot9,64227
9914,5527,2702,2017-09-07,AzureBot9,59305
9914,6767,2702,2017-09-07,AzureBot9,47221
9946,6767,2702,2017-09-07,AzureBot10,16107
9946,6766,2702,2017-09-07,AzureBot10,17014
9957,5527,2702,2017-09-07,AzureBot10,7480
9952,6794,2702,2017-09-07,AzureBot10,12272
9946,5636,2702,2017-09-07,AzureBot10,16799
9957,6794,2702,2017-09-07,AzureBot10,37748
9952,6767,2702,2017-09-07,AzureBot10,19223
9946,5527,2702,2017-09-07,AzureBot10,30363
9952,6766,2702,2017-09-07,AzureBot10,25830
9957,6766,2702,2017-09-07,AzureBot10,27492
9957,5636,2702,2017-09-07,AzureBot10,16920
9957,6767,2702,2017-09-07,AzureBot10,9326
9952,5636,2702,2017-09-07,AzureBot10,9430
9946,6794,2702,2017-09-07,AzureBot10,5978
9952,5527,2702,2017-09-07,AzureBot10,2866
125923,6767,2702,2017-09-07,AzureBot17,30324
125923,5527,2702,2017-09-07,AzureBot17,41023
125923,5636,2702,2017-09-07,AzureBot17,32135
125923,6794,2702,2017-09-07,AzureBot17,31856
125923,6766,2702,2017-09-07,AzureBot17,35512
145804,6767,2702,2017-09-07,AzureBot17,29925
145804,5636,2702,2017-09-07,AzureBot17,33519
145804,6766,2702,2017-09-07,AzureBot17,40805
145804,5527,2702,2017-09-07,AzureBot17,24855
145804,6794,2702,2017-09-07,AzureBot17,26889
145855,6794,2702,2017-09-07,AzureBot21,29433
145862,6794,2702,2017-09-07,AzureBot21,23851
145857,6767,2702,2017-09-07,AzureBot21,26113
145857,6766,2702,2017-09-07,AzureBot21,28879
145855,6766,2702,2017-09-07,AzureBot21,9975
145855,5527,2702,2017-09-07,AzureBot21,9613
145862,6767,2702,2017-09-07,AzureBot21,25990
145872,5527,2702,2017-09-07,AzureBot21,7940
145872,5636,2702,2017-09-07,AzureBot21,10937
145872,6794,2702,2017-09-07,AzureBot21,9952
145872,6766,2702,2017-09-07,AzureBot21,4927
145872,6767,2702,2017-09-07,AzureBot21,11672
145862,6766,2702,2017-09-07,AzureBot21,10953
145862,5636,2702,2017-09-07,AzureBot21,7973
145857,5636,2702,2017-09-07,AzureBot21,6981
145862,5527,2702,2017-09-07,AzureBot21,4983
145857,5527,2702,2017-09-07,AzureBot21,7964
145857,6794,2702,2017-09-07,AzureBot21,5974
37,6766,2702,2017-09-07,AzureBot1,17944
31,6767,2702,2017-09-07,AzureBot1,52969
37,6767,2702,2017-09-07,AzureBot1,14861
3,6767,2702,2017-09-07,AzureBot1,16438
3,6794,2702,2017-09-07,AzureBot1,18713
3,5527,2702,2017-09-07,AzureBot1,9946
37,5636,2702,2017-09-07,AzureBot1,11968
37,6794,2702,2017-09-07,AzureBot1,11410
31,6794,2702,2017-09-07,AzureBot1,63726
3,6766,2702,2017-09-07,AzureBot1,12788
31,5636,2702,2017-09-07,AzureBot1,62710
3,5636,2702,2017-09-07,AzureBot1,12960
37,5527,2702,2017-09-07,AzureBot1,9928
31,5527,2702,2017-09-07,AzureBot1,53301
31,6766,2702,2017-09-07,AzureBot1,50750
146064,5636,2702,2017-09-07,AzureBot24,35839
146012,5636,2702,2017-09-07,AzureBot24,4966
146064,6766,2702,2017-09-07,AzureBot24,34810
146065,6767,2702,2017-09-07,AzureBot24,31246
146064,6767,2702,2017-09-07,AzureBot24,39113
146065,6794,2702,2017-09-07,AzureBot24,49803
146065,6766,2702,2017-09-07,AzureBot24,29854
146012,6766,2702,2017-09-07,AzureBot24,2983
146065,5527,2702,2017-09-07,AzureBot24,47811
146065,5636,2702,2017-09-07,AzureBot24,41972
146012,6767,2702,2017-09-07,AzureBot24,975
146064,6794,2702,2017-09-07,AzureBot24,31171
146012,6794,2702,2017-09-07,AzureBot24,309
146064,5527,2702,2017-09-07,AzureBot24,37798
